Date_ID,Calendar_Date,Year,Quarter,Month_Number,Month_Name,Day_Of_Month,Day_Of_Week,Week_Number,Is_Weekend,Is_Holiday,Holiday_Name,Hijri_Date,Hijri_Month_Name,Hijri_Month_Number,Hijri_Year,Is_Ramadan_Period,Is_Hajj_Season,Is_Eid_Period,Season_Type,Event_Flag_Founding_Day,Event_Flag_National_Day
20240101,2024-01-01,2024,1,1,January,1,Monday,1,0,0,,01/01/2024,Shawwal,10,1445,0,0,0,Business,0,0
20240102,2024-01-02,2024,1,1,January,2,Tuesday,1,0,0,,02/01/2024,Shawwal,10,1445,0,0,0,Business,0,0
20240103,2024-01-03,2024,1,1,January,3,Wednesday,1,0,0,,03/01/2024,Shawwal,10,1445,0,0,0,Business,0,0
20240104,2024-01-04,2024,1,1,January,4,Thursday,1,0,0,,04/01/2024,Shawwal,10,1445,0,0,0,Business,0,0
20240105,2024-01-05,2024,1,1,January,5,Friday,1,1,0,,05/01/2024,Shawwal,10,1445,0,0,0,Weekend,0,0
20240106,2024-01-06,2024,1,1,January,6,Saturday,1,1,0,,06/01/2024,Shawwal,10,1445,0,0,0,Weekend,0,0
20240107,2024-01-07,2024,1,1,January,7,Sunday,1,0,0,,07/01/2024,Shawwal,10,1445,0,0,0,Business,0,0
20240108,2024-01-08,2024,1,1,January,8,Monday,2,0,0,,08/01/2024,Shawwal,10,1445,0,0,0,Business,0,0
20240109,2024-01-09,2024,1,1,January,9,Tuesday,2,0,0,,09/01/2024,Shawwal,10,1445,0,0,0,Business,0,0
20240110,2024-01-10,2024,1,1,January,10,Wednesday,2,0,0,,10/01/2024,Shawwal,10,1445,0,0,0,Business,0,0
20240111,2024-01-11,2024,1,1,January,11,Thursday,2,0,0,,11/01/2024,Shawwal,10,1445,0,0,0,Business,0,0
20240112,2024-01-12,2024,1,1,January,12,Friday,2,1,0,,12/01/2024,Shawwal,10,1445,0,0,0,Weekend,0,0
20240113,2024-01-13,2024,1,1,January,13,Saturday,2,1,0,,13/01/2024,Shawwal,10,1445,0,0,0,Weekend,0,0
20240114,2024-01-14,2024,1,1,January,14,Sunday,2,0,0,,14/01/2024,Shawwal,10,1445,0,0,0,Business,0,0
20240115,2024-01-15,2024,1,1,January,15,Monday,3,0,0,,15/01/2024,Shawwal,10,1445,0,0,0,Business,0,0
20240116,2024-01-16,2024,1,1,January,16,Tuesday,3,0,0,,16/01/2024,Shawwal,10,1445,0,0,0,Business,0,0
20240117,2024-01-17,2024,1,1,January,17,Wednesday,3,0,0,,17/01/2024,Shawwal,10,1445,0,0,0,Business,0,0
20240118,2024-01-18,2024,1,1,January,18,Thursday,3,0,0,,18/01/2024,Shawwal,10,1445,0,0,0,Business,0,0
20240119,2024-01-19,2024,1,1,January,19,Friday,3,1,0,,19/01/2024,Shawwal,10,1445,0,0,0,Weekend,0,0
20240120,2024-01-20,2024,1,1,January,20,Saturday,3,1,0,,20/01/2024,Shawwal,10,1445,0,0,0,Weekend,0,0
20240121,2024-01-21,2024,1,1,January,21,Sunday,3,0,0,,21/01/2024,Shawwal,10,1445,0,0,0,Business,0,0
20240122,2024-01-22,2024,1,1,January,22,Monday,4,0,0,,22/01/2024,Shawwal,10,1445,0,0,0,Business,0,0
20240123,2024-01-23,2024,1,1,January,23,Tuesday,4,0,0,,23/01/2024,Shawwal,10,1445,0,0,0,Business,0,0
20240124,2024-01-24,2024,1,1,January,24,Wednesday,4,0,0,,24/01/2024,Shawwal,10,1445,0,0,0,Business,0,0
20240125,2024-01-25,2024,1,1,January,25,Thursday,4,0,0,,25/01/2024,Shawwal,10,1445,0,0,0,Business,0,0
20240126,2024-01-26,2024,1,1,January,26,Friday,4,1,0,,26/01/2024,Shawwal,10,1445,0,0,0,Weekend,0,0
20240127,2024-01-27,2024,1,1,January,27,Saturday,4,1,0,,27/01/2024,Shawwal,10,1445,0,0,0,Weekend,0,0
20240128,2024-01-28,2024,1,1,January,28,Sunday,4,0,0,,28/01/2024,Shawwal,10,1445,0,0,0,Business,0,0
20240129,2024-01-29,2024,1,1,January,29,Monday,5,0,0,,29/01/2024,Shawwal,10,1445,0,0,0,Business,0,0
20240130,2024-01-30,2024,1,1,January,30,Tuesday,5,0,0,,30/01/2024,Shawwal,10,1445,0,0,0,Business,0,0
20240131,2024-01-31,2024,1,1,January,31,Wednesday,5,0,0,,31/01/2024,Shawwal,10,1445,0,0,0,Business,0,0
20240201,2024-02-01,2024,1,2,February,1,Thursday,5,0,0,,01/02/2024,Shawwal,10,1445,0,0,0,Business,0,0
20240202,2024-02-02,2024,1,2,February,2,Friday,5,1,0,,02/02/2024,Shawwal,10,1445,0,0,0,Weekend,0,0
20240203,2024-02-03,2024,1,2,February,3,Saturday,5,1,0,,03/02/2024,Shawwal,10,1445,0,0,0,Weekend,0,0
20240204,2024-02-04,2024,1,2,February,4,Sunday,5,0,0,,04/02/2024,Shawwal,10,1445,0,0,0,Business,0,0
20240205,2024-02-05,2024,1,2,February,5,Monday,6,0,0,,05/02/2024,Shawwal,10,1445,0,0,0,Business,0,0
20240206,2024-02-06,2024,1,2,February,6,Tuesday,6,0,0,,06/02/2024,Shawwal,10,1445,0,0,0,Business,0,0
20240207,2024-02-07,2024,1,2,February,7,Wednesday,6,0,0,,07/02/2024,Shawwal,10,1445,0,0,0,Business,0,0
20240208,2024-02-08,2024,1,2,February,8,Thursday,6,0,0,,08/02/2024,Shawwal,10,1445,0,0,0,Business,0,0
20240209,2024-02-09,2024,1,2,February,9,Friday,6,1,0,,09/02/2024,Shawwal,10,1445,0,0,0,Weekend,0,0
20240210,2024-02-10,2024,1,2,February,10,Saturday,6,1,0,,10/02/2024,Shawwal,10,1445,0,0,0,Weekend,0,0
20240211,2024-02-11,2024,1,2,February,11,Sunday,6,0,0,,11/02/2024,Shawwal,10,1445,0,0,0,Business,0,0
20240212,2024-02-12,2024,1,2,February,12,Monday,7,0,0,,12/02/2024,Shawwal,10,1445,0,0,0,Business,0,0
20240213,2024-02-13,2024,1,2,February,13,Tuesday,7,0,0,,13/02/2024,Shawwal,10,1445,0,0,0,Business,0,0
20240214,2024-02-14,2024,1,2,February,14,Wednesday,7,0,0,,14/02/2024,Shawwal,10,1445,0,0,0,Business,0,0
20240215,2024-02-15,2024,1,2,February,15,Thursday,7,0,0,,15/02/2024,Shawwal,10,1445,0,0,0,Business,0,0
20240216,2024-02-16,2024,1,2,February,16,Friday,7,1,0,,16/02/2024,Shawwal,10,1445,0,0,0,Weekend,0,0
20240217,2024-02-17,2024,1,2,February,17,Saturday,7,1,0,,17/02/2024,Shawwal,10,1445,0,0,0,Weekend,0,0
20240218,2024-02-18,2024,1,2,February,18,Sunday,7,0,0,,18/02/2024,Shawwal,10,1445,0,0,0,Business,0,0
20240219,2024-02-19,2024,1,2,February,19,Monday,8,0,0,,19/02/2024,Shawwal,10,1445,0,0,0,Business,0,0
20240220,2024-02-20,2024,1,2,February,20,Tuesday,8,0,0,,20/02/2024,Shawwal,10,1445,0,0,0,Business,0,0
20240221,2024-02-21,2024,1,2,February,21,Wednesday,8,0,0,,21/02/2024,Shawwal,10,1445,0,0,0,Business,0,0
20240222,2024-02-22,2024,1,2,February,22,Thursday,8,0,1,Founding Day,22/02/2024,Shawwal,10,1445,0,0,0,Business,1,0
20240223,2024-02-23,2024,1,2,February,23,Friday,8,1,0,,23/02/2024,Shawwal,10,1445,0,0,0,Weekend,0,0
20240224,2024-02-24,2024,1,2,February,24,Saturday,8,1,0,,24/02/2024,Shawwal,10,1445,0,0,0,Weekend,0,0
20240225,2024-02-25,2024,1,2,February,25,Sunday,8,0,0,,25/02/2024,Shawwal,10,1445,0,0,0,Business,0,0
20240226,2024-02-26,2024,1,2,February,26,Monday,9,0,0,,26/02/2024,Shawwal,10,1445,0,0,0,Business,0,0
20240227,2024-02-27,2024,1,2,February,27,Tuesday,9,0,0,,27/02/2024,Shawwal,10,1445,0,0,0,Business,0,0
20240228,2024-02-28,2024,1,2,February,28,Wednesday,9,0,0,,28/02/2024,Shawwal,10,1445,0,0,0,Business,0,0
20240229,2024-02-29,2024,1,2,February,29,Thursday,9,0,0,,29/02/2024,Shawwal,10,1445,0,0,0,Business,0,0
20240301,2024-03-01,2024,1,3,March,1,Friday,9,1,0,,01/03/2024,Shawwal,10,1445,0,0,0,Weekend,0,0
20240302,2024-03-02,2024,1,3,March,2,Saturday,9,1,0,,02/03/2024,Shawwal,10,1445,0,0,0,Weekend,0,0
20240303,2024-03-03,2024,1,3,March,3,Sunday,9,0,0,,03/03/2024,Shawwal,10,1445,0,0,0,Business,0,0
20240304,2024-03-04,2024,1,3,March,4,Monday,10,0,0,,04/03/2024,Shawwal,10,1445,0,0,0,Business,0,0
20240305,2024-03-05,2024,1,3,March,5,Tuesday,10,0,0,,05/03/2024,Shawwal,10,1445,0,0,0,Business,0,0
20240306,2024-03-06,2024,1,3,March,6,Wednesday,10,0,0,,06/03/2024,Shawwal,10,1445,0,0,0,Business,0,0
20240307,2024-03-07,2024,1,3,March,7,Thursday,10,0,0,,07/03/2024,Shawwal,10,1445,0,0,0,Business,0,0
20240308,2024-03-08,2024,1,3,March,8,Friday,10,1,0,,08/03/2024,Shawwal,10,1445,0,0,0,Weekend,0,0
20240309,2024-03-09,2024,1,3,March,9,Saturday,10,1,0,,09/03/2024,Shawwal,10,1445,0,0,0,Weekend,0,0
20240310,2024-03-10,2024,1,3,March,10,Sunday,10,0,0,,10/03/2024,Shawwal,10,1445,0,0,0,Business,0,0
20240311,2024-03-11,2024,1,3,March,11,Monday,11,0,0,,11/03/2024,Ramadan,9,1445,1,0,0,Ramadan,0,0
20240312,2024-03-12,2024,1,3,March,12,Tuesday,11,0,0,,12/03/2024,Ramadan,9,1445,1,0,0,Ramadan,0,0
20240313,2024-03-13,2024,1,3,March,13,Wednesday,11,0,0,,13/03/2024,Ramadan,9,1445,1,0,0,Ramadan,0,0
20240314,2024-03-14,2024,1,3,March,14,Thursday,11,0,0,,14/03/2024,Ramadan,9,1445,1,0,0,Ramadan,0,0
20240315,2024-03-15,2024,1,3,March,15,Friday,11,1,0,,15/03/2024,Ramadan,9,1445,1,0,0,Ramadan,0,0
20240316,2024-03-16,2024,1,3,March,16,Saturday,11,1,0,,16/03/2024,Ramadan,9,1445,1,0,0,Ramadan,0,0
20240317,2024-03-17,2024,1,3,March,17,Sunday,11,0,0,,17/03/2024,Ramadan,9,1445,1,0,0,Ramadan,0,0
20240318,2024-03-18,2024,1,3,March,18,Monday,12,0,0,,18/03/2024,Ramadan,9,1445,1,0,0,Ramadan,0,0
20240319,2024-03-19,2024,1,3,March,19,Tuesday,12,0,0,,19/03/2024,Ramadan,9,1445,1,0,0,Ramadan,0,0
20240320,2024-03-20,2024,1,3,March,20,Wednesday,12,0,0,,20/03/2024,Ramadan,9,1445,1,0,0,Ramadan,0,0
20240321,2024-03-21,2024,1,3,March,21,Thursday,12,0,0,,21/03/2024,Ramadan,9,1445,1,0,0,Ramadan,0,0
20240322,2024-03-22,2024,1,3,March,22,Friday,12,1,0,,22/03/2024,Ramadan,9,1445,1,0,0,Ramadan,0,0
20240323,2024-03-23,2024,1,3,March,23,Saturday,12,1,0,,23/03/2024,Ramadan,9,1445,1,0,0,Ramadan,0,0
20240324,2024-03-24,2024,1,3,March,24,Sunday,12,0,0,,24/03/2024,Ramadan,9,1445,1,0,0,Ramadan,0,0
20240325,2024-03-25,2024,1,3,March,25,Monday,13,0,0,,25/03/2024,Ramadan,9,1445,1,0,0,Ramadan,0,0
20240326,2024-03-26,2024,1,3,March,26,Tuesday,13,0,0,,26/03/2024,Ramadan,9,1445,1,0,0,Ramadan,0,0
20240327,2024-03-27,2024,1,3,March,27,Wednesday,13,0,0,,27/03/2024,Ramadan,9,1445,1,0,0,Ramadan,0,0
20240328,2024-03-28,2024,1,3,March,28,Thursday,13,0,0,,28/03/2024,Ramadan,9,1445,1,0,0,Ramadan,0,0
20240329,2024-03-29,2024,1,3,March,29,Friday,13,1,0,,29/03/2024,Ramadan,9,1445,1,0,0,Ramadan,0,0
20240330,2024-03-30,2024,1,3,March,30,Saturday,13,1,0,,30/03/2024,Ramadan,9,1445,1,0,0,Ramadan,0,0
20240331,2024-03-31,2024,1,3,March,31,Sunday,13,0,0,,31/03/2024,Ramadan,9,1445,1,0,0,Ramadan,0,0
20240401,2024-04-01,2024,2,4,April,1,Monday,14,0,0,,01/04/2024,Ramadan,9,1445,1,0,0,Ramadan,0,0
20240402,2024-04-02,2024,2,4,April,2,Tuesday,14,0,0,,02/04/2024,Ramadan,9,1445,1,0,0,Ramadan,0,0
20240403,2024-04-03,2024,2,4,April,3,Wednesday,14,0,0,,03/04/2024,Ramadan,9,1445,1,0,0,Ramadan,0,0
20240404,2024-04-04,2024,2,4,April,4,Thursday,14,0,0,,04/04/2024,Ramadan,9,1445,1,0,0,Ramadan,0,0
20240405,2024-04-05,2024,2,4,April,5,Friday,14,1,0,,05/04/2024,Ramadan,9,1445,1,0,0,Ramadan,0,0
20240406,2024-04-06,2024,2,4,April,6,Saturday,14,1,0,,06/04/2024,Ramadan,9,1445,1,0,0,Ramadan,0,0
20240407,2024-04-07,2024,2,4,April,7,Sunday,14,0,0,,07/04/2024,Ramadan,9,1445,1,0,0,Ramadan,0,0
20240408,2024-04-08,2024,2,4,April,8,Monday,15,0,0,,08/04/2024,Ramadan,9,1445,1,0,0,Ramadan,0,0
20240409,2024-04-09,2024,2,4,April,9,Tuesday,15,0,0,,09/04/2024,Ramadan,9,1445,1,0,0,Ramadan,0,0
20240410,2024-04-10,2024,2,4,April,10,Wednesday,15,0,0,,10/04/2024,Shawwal,10,1445,0,0,1,Holiday,0,0
20240411,2024-04-11,2024,2,4,April,11,Thursday,15,0,0,,11/04/2024,Shawwal,10,1445,0,0,1,Business,0,0
20240412,2024-04-12,2024,2,4,April,12,Friday,15,1,0,,12/04/2024,Shawwal,10,1445,0,0,1,Weekend,0,0
20240413,2024-04-13,2024,2,4,April,13,Saturday,15,1,0,,13/04/2024,Shawwal,10,1445,0,0,1,Weekend,0,0
20240414,2024-04-14,2024,2,4,April,14,Sunday,15,0,0,,14/04/2024,Shawwal,10,1445,0,0,0,Business,0,0
20240415,2024-04-15,2024,2,4,April,15,Monday,16,0,0,,15/04/2024,Shawwal,10,1445,0,0,0,Business,0,0
20240416,2024-04-16,2024,2,4,April,16,Tuesday,16,0,0,,16/04/2024,Shawwal,10,1445,0,0,0,Business,0,0
20240417,2024-04-17,2024,2,4,April,17,Wednesday,16,0,0,,17/04/2024,Shawwal,10,1445,0,0,0,Business,0,0
20240418,2024-04-18,2024,2,4,April,18,Thursday,16,0,0,,18/04/2024,Shawwal,10,1445,0,0,0,Business,0,0
20240419,2024-04-19,2024,2,4,April,19,Friday,16,1,0,,19/04/2024,Shawwal,10,1445,0,0,0,Weekend,0,0
20240420,2024-04-20,2024,2,4,April,20,Saturday,16,1,0,,20/04/2024,Shawwal,10,1445,0,0,0,Weekend,0,0
20240421,2024-04-21,2024,2,4,April,21,Sunday,16,0,0,,21/04/2024,Shawwal,10,1445,0,0,0,Business,0,0
20240422,2024-04-22,2024,2,4,April,22,Monday,17,0,0,,22/04/2024,Shawwal,10,1445,0,0,0,Business,0,0
20240423,2024-04-23,2024,2,4,April,23,Tuesday,17,0,0,,23/04/2024,Shawwal,10,1445,0,0,0,Business,0,0
20240424,2024-04-24,2024,2,4,April,24,Wednesday,17,0,0,,24/04/2024,Shawwal,10,1445,0,0,0,Business,0,0
20240425,2024-04-25,2024,2,4,April,25,Thursday,17,0,0,,25/04/2024,Shawwal,10,1445,0,0,0,Business,0,0
20240426,2024-04-26,2024,2,4,April,26,Friday,17,1,0,,26/04/2024,Shawwal,10,1445,0,0,0,Weekend,0,0
20240427,2024-04-27,2024,2,4,April,27,Saturday,17,1,0,,27/04/2024,Shawwal,10,1445,0,0,0,Weekend,0,0
20240428,2024-04-28,2024,2,4,April,28,Sunday,17,0,0,,28/04/2024,Shawwal,10,1445,0,0,0,Business,0,0
20240429,2024-04-29,2024,2,4,April,29,Monday,18,0,0,,29/04/2024,Shawwal,10,1445,0,0,0,Business,0,0
20240430,2024-04-30,2024,2,4,April,30,Tuesday,18,0,0,,30/04/2024,Shawwal,10,1445,0,0,0,Business,0,0
20240501,2024-05-01,2024,2,5,May,1,Wednesday,18,0,0,,01/05/2024,Shawwal,10,1445,0,0,0,Business,0,0
20240502,2024-05-02,2024,2,5,May,2,Thursday,18,0,0,,02/05/2024,Shawwal,10,1445,0,0,0,Business,0,0
20240503,2024-05-03,2024,2,5,May,3,Friday,18,1,0,,03/05/2024,Shawwal,10,1445,0,0,0,Weekend,0,0
20240504,2024-05-04,2024,2,5,May,4,Saturday,18,1,0,,04/05/2024,Shawwal,10,1445,0,0,0,Weekend,0,0
20240505,2024-05-05,2024,2,5,May,5,Sunday,18,0,0,,05/05/2024,Shawwal,10,1445,0,0,0,Business,0,0
20240506,2024-05-06,2024,2,5,May,6,Monday,19,0,0,,06/05/2024,Shawwal,10,1445,0,0,0,Business,0,0
20240507,2024-05-07,2024,2,5,May,7,Tuesday,19,0,0,,07/05/2024,Shawwal,10,1445,0,0,0,Business,0,0
20240508,2024-05-08,2024,2,5,May,8,Wednesday,19,0,0,,08/05/2024,Shawwal,10,1445,0,0,0,Business,0,0
20240509,2024-05-09,2024,2,5,May,9,Thursday,19,0,0,,09/05/2024,Shawwal,10,1445,0,0,0,Business,0,0
20240510,2024-05-10,2024,2,5,May,10,Friday,19,1,0,,10/05/2024,Shawwal,10,1445,0,0,0,Weekend,0,0
20240511,2024-05-11,2024,2,5,May,11,Saturday,19,1,0,,11/05/2024,Shawwal,10,1445,0,0,0,Weekend,0,0
20240512,2024-05-12,2024,2,5,May,12,Sunday,19,0,0,,12/05/2024,Shawwal,10,1445,0,0,0,Business,0,0
20240513,2024-05-13,2024,2,5,May,13,Monday,20,0,0,,13/05/2024,Shawwal,10,1445,0,0,0,Business,0,0
20240514,2024-05-14,2024,2,5,May,14,Tuesday,20,0,0,,14/05/2024,Shawwal,10,1445,0,0,0,Business,0,0
20240515,2024-05-15,2024,2,5,May,15,Wednesday,20,0,0,,15/05/2024,Shawwal,10,1445,0,0,0,Business,0,0
20240516,2024-05-16,2024,2,5,May,16,Thursday,20,0,0,,16/05/2024,Shawwal,10,1445,0,0,0,Business,0,0
20240517,2024-05-17,2024,2,5,May,17,Friday,20,1,0,,17/05/2024,Shawwal,10,1445,0,0,0,Weekend,0,0
20240518,2024-05-18,2024,2,5,May,18,Saturday,20,1,0,,18/05/2024,Shawwal,10,1445,0,0,0,Weekend,0,0
20240519,2024-05-19,2024,2,5,May,19,Sunday,20,0,0,,19/05/2024,Shawwal,10,1445,0,0,0,Business,0,0
20240520,2024-05-20,2024,2,5,May,20,Monday,21,0,0,,20/05/2024,Shawwal,10,1445,0,0,0,Business,0,0
20240521,2024-05-21,2024,2,5,May,21,Tuesday,21,0,0,,21/05/2024,Shawwal,10,1445,0,0,0,Business,0,0
20240522,2024-05-22,2024,2,5,May,22,Wednesday,21,0,0,,22/05/2024,Shawwal,10,1445,0,0,0,Business,0,0
20240523,2024-05-23,2024,2,5,May,23,Thursday,21,0,0,,23/05/2024,Shawwal,10,1445,0,0,0,Business,0,0
20240524,2024-05-24,2024,2,5,May,24,Friday,21,1,0,,24/05/2024,Shawwal,10,1445,0,0,0,Weekend,0,0
20240525,2024-05-25,2024,2,5,May,25,Saturday,21,1,0,,25/05/2024,Shawwal,10,1445,0,0,0,Weekend,0,0
20240526,2024-05-26,2024,2,5,May,26,Sunday,21,0,0,,26/05/2024,Shawwal,10,1445,0,0,0,Business,0,0
20240527,2024-05-27,2024,2,5,May,27,Monday,22,0,0,,27/05/2024,Shawwal,10,1445,0,0,0,Business,0,0
20240528,2024-05-28,2024,2,5,May,28,Tuesday,22,0,0,,28/05/2024,Shawwal,10,1445,0,0,0,Business,0,0
20240529,2024-05-29,2024,2,5,May,29,Wednesday,22,0,0,,29/05/2024,Shawwal,10,1445,0,0,0,Business,0,0
20240530,2024-05-30,2024,2,5,May,30,Thursday,22,0,0,,30/05/2024,Shawwal,10,1445,0,0,0,Business,0,0
20240531,2024-05-31,2024,2,5,May,31,Friday,22,1,0,,31/05/2024,Shawwal,10,1445,0,0,0,Weekend,0,0
20240601,2024-06-01,2024,2,6,June,1,Saturday,22,1,0,,01/06/2024,Shawwal,10,1445,0,0,0,Weekend,0,0
20240602,2024-06-02,2024,2,6,June,2,Sunday,22,0,0,,02/06/2024,Shawwal,10,1445,0,0,0,Business,0,0
20240603,2024-06-03,2024,2,6,June,3,Monday,23,0,0,,03/06/2024,Shawwal,10,1445,0,0,0,Business,0,0
20240604,2024-06-04,2024,2,6,June,4,Tuesday,23,0,0,,04/06/2024,Shawwal,10,1445,0,0,0,Business,0,0
20240605,2024-06-05,2024,2,6,June,5,Wednesday,23,0,0,,05/06/2024,Shawwal,10,1445,0,0,0,Business,0,0
20240606,2024-06-06,2024,2,6,June,6,Thursday,23,0,0,,06/06/2024,Shawwal,10,1445,0,0,0,Business,0,0
20240607,2024-06-07,2024,2,6,June,7,Friday,23,1,0,,07/06/2024,Shawwal,10,1445,0,0,0,Weekend,0,0
20240608,2024-06-08,2024,2,6,June,8,Saturday,23,1,0,,08/06/2024,Shawwal,10,1445,0,0,0,Weekend,0,0
20240609,2024-06-09,2024,2,6,June,9,Sunday,23,0,0,,09/06/2024,Shawwal,10,1445,0,0,0,Business,0,0
20240610,2024-06-10,2024,2,6,June,10,Monday,24,0,0,,10/06/2024,Shawwal,10,1445,0,0,0,Business,0,0
20240611,2024-06-11,2024,2,6,June,11,Tuesday,24,0,0,,11/06/2024,Shawwal,10,1445,0,0,0,Business,0,0
20240612,2024-06-12,2024,2,6,June,12,Wednesday,24,0,0,,12/06/2024,Shawwal,10,1445,0,0,0,Business,0,0
20240613,2024-06-13,2024,2,6,June,13,Thursday,24,0,0,,13/06/2024,Shawwal,10,1445,0,0,0,Business,0,0
20240614,2024-06-14,2024,2,6,June,14,Friday,24,1,0,,14/06/2024,Dhul Hijjah,12,1445,0,1,0,Hajj,0,0
20240615,2024-06-15,2024,2,6,June,15,Saturday,24,1,0,,15/06/2024,Dhul Hijjah,12,1445,0,1,0,Hajj,0,0
20240616,2024-06-16,2024,2,6,June,16,Sunday,24,0,0,,16/06/2024,Dhul Hijjah,12,1445,0,1,1,Hajj,0,0
20240617,2024-06-17,2024,2,6,June,17,Monday,25,0,0,,17/06/2024,Dhul Hijjah,12,1445,0,1,1,Hajj,0,0
20240618,2024-06-18,2024,2,6,June,18,Tuesday,25,0,0,,18/06/2024,Dhul Hijjah,12,1445,0,1,1,Hajj,0,0
20240619,2024-06-19,2024,2,6,June,19,Wednesday,25,0,0,,19/06/2024,Dhul Hijjah,12,1445,0,1,1,Hajj,0,0
20240620,2024-06-20,2024,2,6,June,20,Thursday,25,0,0,,20/06/2024,Shawwal,10,1445,0,0,0,Business,0,0
20240621,2024-06-21,2024,2,6,June,21,Friday,25,1,0,,21/06/2024,Shawwal,10,1445,0,0,0,Weekend,0,0
20240622,2024-06-22,2024,2,6,June,22,Saturday,25,1,0,,22/06/2024,Shawwal,10,1445,0,0,0,Weekend,0,0
20240623,2024-06-23,2024,2,6,June,23,Sunday,25,0,0,,23/06/2024,Shawwal,10,1445,0,0,0,Business,0,0
20240624,2024-06-24,2024,2,6,June,24,Monday,26,0,0,,24/06/2024,Shawwal,10,1445,0,0,0,Business,0,0
20240625,2024-06-25,2024,2,6,June,25,Tuesday,26,0,0,,25/06/2024,Shawwal,10,1445,0,0,0,Business,0,0
20240626,2024-06-26,2024,2,6,June,26,Wednesday,26,0,0,,26/06/2024,Shawwal,10,1445,0,0,0,Business,0,0
20240627,2024-06-27,2024,2,6,June,27,Thursday,26,0,0,,27/06/2024,Shawwal,10,1445,0,0,0,Business,0,0
20240628,2024-06-28,2024,2,6,June,28,Friday,26,1,0,,28/06/2024,Shawwal,10,1445,0,0,0,Weekend,0,0
20240629,2024-06-29,2024,2,6,June,29,Saturday,26,1,0,,29/06/2024,Shawwal,10,1445,0,0,0,Weekend,0,0
20240630,2024-06-30,2024,2,6,June,30,Sunday,26,0,0,,30/06/2024,Shawwal,10,1445,0,0,0,Business,0,0
20240701,2024-07-01,2024,3,7,July,1,Monday,27,0,0,,01/07/2024,Shawwal,10,1445,0,0,0,Business,0,0
20240702,2024-07-02,2024,3,7,July,2,Tuesday,27,0,0,,02/07/2024,Shawwal,10,1445,0,0,0,Business,0,0
20240703,2024-07-03,2024,3,7,July,3,Wednesday,27,0,0,,03/07/2024,Shawwal,10,1445,0,0,0,Business,0,0
20240704,2024-07-04,2024,3,7,July,4,Thursday,27,0,0,,04/07/2024,Shawwal,10,1445,0,0,0,Business,0,0
20240705,2024-07-05,2024,3,7,July,5,Friday,27,1,0,,05/07/2024,Shawwal,10,1445,0,0,0,Weekend,0,0
20240706,2024-07-06,2024,3,7,July,6,Saturday,27,1,0,,06/07/2024,Shawwal,10,1445,0,0,0,Weekend,0,0
20240707,2024-07-07,2024,3,7,July,7,Sunday,27,0,0,,07/07/2024,Shawwal,10,1445,0,0,0,Business,0,0
20240708,2024-07-08,2024,3,7,July,8,Monday,28,0,0,,08/07/2024,Shawwal,10,1445,0,0,0,Business,0,0
20240709,2024-07-09,2024,3,7,July,9,Tuesday,28,0,0,,09/07/2024,Shawwal,10,1445,0,0,0,Business,0,0
20240710,2024-07-10,2024,3,7,July,10,Wednesday,28,0,0,,10/07/2024,Shawwal,10,1445,0,0,0,Business,0,0
20240711,2024-07-11,2024,3,7,July,11,Thursday,28,0,0,,11/07/2024,Shawwal,10,1445,0,0,0,Business,0,0
20240712,2024-07-12,2024,3,7,July,12,Friday,28,1,0,,12/07/2024,Shawwal,10,1445,0,0,0,Weekend,0,0
20240713,2024-07-13,2024,3,7,July,13,Saturday,28,1,0,,13/07/2024,Shawwal,10,1445,0,0,0,Weekend,0,0
20240714,2024-07-14,2024,3,7,July,14,Sunday,28,0,0,,14/07/2024,Shawwal,10,1445,0,0,0,Business,0,0
20240715,2024-07-15,2024,3,7,July,15,Monday,29,0,0,,15/07/2024,Shawwal,10,1445,0,0,0,Business,0,0
20240716,2024-07-16,2024,3,7,July,16,Tuesday,29,0,0,,16/07/2024,Shawwal,10,1445,0,0,0,Business,0,0
20240717,2024-07-17,2024,3,7,July,17,Wednesday,29,0,0,,17/07/2024,Shawwal,10,1445,0,0,0,Business,0,0
20240718,2024-07-18,2024,3,7,July,18,Thursday,29,0,0,,18/07/2024,Shawwal,10,1445,0,0,0,Business,0,0
20240719,2024-07-19,2024,3,7,July,19,Friday,29,1,0,,19/07/2024,Shawwal,10,1445,0,0,0,Weekend,0,0
20240720,2024-07-20,2024,3,7,July,20,Saturday,29,1,0,,20/07/2024,Shawwal,10,1445,0,0,0,Weekend,0,0
20240721,2024-07-21,2024,3,7,July,21,Sunday,29,0,0,,21/07/2024,Shawwal,10,1445,0,0,0,Business,0,0
20240722,2024-07-22,2024,3,7,July,22,Monday,30,0,0,,22/07/2024,Shawwal,10,1445,0,0,0,Business,0,0
20240723,2024-07-23,2024,3,7,July,23,Tuesday,30,0,0,,23/07/2024,Shawwal,10,1445,0,0,0,Business,0,0
20240724,2024-07-24,2024,3,7,July,24,Wednesday,30,0,0,,24/07/2024,Shawwal,10,1445,0,0,0,Business,0,0
20240725,2024-07-25,2024,3,7,July,25,Thursday,30,0,0,,25/07/2024,Shawwal,10,1445,0,0,0,Business,0,0
20240726,2024-07-26,2024,3,7,July,26,Friday,30,1,0,,26/07/2024,Shawwal,10,1445,0,0,0,Weekend,0,0
20240727,2024-07-27,2024,3,7,July,27,Saturday,30,1,0,,27/07/2024,Shawwal,10,1445,0,0,0,Weekend,0,0
20240728,2024-07-28,2024,3,7,July,28,Sunday,30,0,0,,28/07/2024,Shawwal,10,1445,0,0,0,Business,0,0
20240729,2024-07-29,2024,3,7,July,29,Monday,31,0,0,,29/07/2024,Shawwal,10,1445,0,0,0,Business,0,0
20240730,2024-07-30,2024,3,7,July,30,Tuesday,31,0,0,,30/07/2024,Shawwal,10,1445,0,0,0,Business,0,0
20240731,2024-07-31,2024,3,7,July,31,Wednesday,31,0,0,,31/07/2024,Shawwal,10,1445,0,0,0,Business,0,0
20240801,2024-08-01,2024,3,8,August,1,Thursday,31,0,0,,01/08/2024,Shawwal,10,1445,0,0,0,Business,0,0
20240802,2024-08-02,2024,3,8,August,2,Friday,31,1,0,,02/08/2024,Shawwal,10,1445,0,0,0,Weekend,0,0
20240803,2024-08-03,2024,3,8,August,3,Saturday,31,1,0,,03/08/2024,Shawwal,10,1445,0,0,0,Weekend,0,0
20240804,2024-08-04,2024,3,8,August,4,Sunday,31,0,0,,04/08/2024,Shawwal,10,1445,0,0,0,Business,0,0
20240805,2024-08-05,2024,3,8,August,5,Monday,32,0,0,,05/08/2024,Shawwal,10,1445,0,0,0,Business,0,0
20240806,2024-08-06,2024,3,8,August,6,Tuesday,32,0,0,,06/08/2024,Shawwal,10,1445,0,0,0,Business,0,0
20240807,2024-08-07,2024,3,8,August,7,Wednesday,32,0,0,,07/08/2024,Shawwal,10,1445,0,0,0,Business,0,0
20240808,2024-08-08,2024,3,8,August,8,Thursday,32,0,0,,08/08/2024,Shawwal,10,1445,0,0,0,Business,0,0
20240809,2024-08-09,2024,3,8,August,9,Friday,32,1,0,,09/08/2024,Shawwal,10,1445,0,0,0,Weekend,0,0
20240810,2024-08-10,2024,3,8,August,10,Saturday,32,1,0,,10/08/2024,Shawwal,10,1445,0,0,0,Weekend,0,0
20240811,2024-08-11,2024,3,8,August,11,Sunday,32,0,0,,11/08/2024,Shawwal,10,1445,0,0,0,Business,0,0
20240812,2024-08-12,2024,3,8,August,12,Monday,33,0,0,,12/08/2024,Shawwal,10,1445,0,0,0,Business,0,0
20240813,2024-08-13,2024,3,8,August,13,Tuesday,33,0,0,,13/08/2024,Shawwal,10,1445,0,0,0,Business,0,0
20240814,2024-08-14,2024,3,8,August,14,Wednesday,33,0,0,,14/08/2024,Shawwal,10,1445,0,0,0,Business,0,0
20240815,2024-08-15,2024,3,8,August,15,Thursday,33,0,0,,15/08/2024,Shawwal,10,1445,0,0,0,Business,0,0
20240816,2024-08-16,2024,3,8,August,16,Friday,33,1,0,,16/08/2024,Shawwal,10,1445,0,0,0,Weekend,0,0
20240817,2024-08-17,2024,3,8,August,17,Saturday,33,1,0,,17/08/2024,Shawwal,10,1445,0,0,0,Weekend,0,0
20240818,2024-08-18,2024,3,8,August,18,Sunday,33,0,0,,18/08/2024,Shawwal,10,1445,0,0,0,Business,0,0
20240819,2024-08-19,2024,3,8,August,19,Monday,34,0,0,,19/08/2024,Shawwal,10,1445,0,0,0,Business,0,0
20240820,2024-08-20,2024,3,8,August,20,Tuesday,34,0,0,,20/08/2024,Shawwal,10,1445,0,0,0,Business,0,0
20240821,2024-08-21,2024,3,8,August,21,Wednesday,34,0,0,,21/08/2024,Shawwal,10,1445,0,0,0,Business,0,0
20240822,2024-08-22,2024,3,8,August,22,Thursday,34,0,0,,22/08/2024,Shawwal,10,1445,0,0,0,Business,0,0
20240823,2024-08-23,2024,3,8,August,23,Friday,34,1,0,,23/08/2024,Shawwal,10,1445,0,0,0,Weekend,0,0
20240824,2024-08-24,2024,3,8,August,24,Saturday,34,1,0,,24/08/2024,Shawwal,10,1445,0,0,0,Weekend,0,0
20240825,2024-08-25,2024,3,8,August,25,Sunday,34,0,0,,25/08/2024,Shawwal,10,1445,0,0,0,Business,0,0
20240826,2024-08-26,2024,3,8,August,26,Monday,35,0,0,,26/08/2024,Shawwal,10,1445,0,0,0,Business,0,0
20240827,2024-08-27,2024,3,8,August,27,Tuesday,35,0,0,,27/08/2024,Shawwal,10,1445,0,0,0,Business,0,0
20240828,2024-08-28,2024,3,8,August,28,Wednesday,35,0,0,,28/08/2024,Shawwal,10,1445,0,0,0,Business,0,0
20240829,2024-08-29,2024,3,8,August,29,Thursday,35,0,0,,29/08/2024,Shawwal,10,1445,0,0,0,Business,0,0
20240830,2024-08-30,2024,3,8,August,30,Friday,35,1,0,,30/08/2024,Shawwal,10,1445,0,0,0,Weekend,0,0
20240831,2024-08-31,2024,3,8,August,31,Saturday,35,1,0,,31/08/2024,Shawwal,10,1445,0,0,0,Weekend,0,0
20240901,2024-09-01,2024,3,9,September,1,Sunday,35,0,0,,01/09/2024,Shawwal,10,1445,0,0,0,Business,0,0
20240902,2024-09-02,2024,3,9,September,2,Monday,36,0,0,,02/09/2024,Shawwal,10,1445,0,0,0,Business,0,0
20240903,2024-09-03,2024,3,9,September,3,Tuesday,36,0,0,,03/09/2024,Shawwal,10,1445,0,0,0,Business,0,0
20240904,2024-09-04,2024,3,9,September,4,Wednesday,36,0,0,,04/09/2024,Shawwal,10,1445,0,0,0,Business,0,0
20240905,2024-09-05,2024,3,9,September,5,Thursday,36,0,0,,05/09/2024,Shawwal,10,1445,0,0,0,Business,0,0
20240906,2024-09-06,2024,3,9,September,6,Friday,36,1,0,,06/09/2024,Shawwal,10,1445,0,0,0,Weekend,0,0
20240907,2024-09-07,2024,3,9,September,7,Saturday,36,1,0,,07/09/2024,Shawwal,10,1445,0,0,0,Weekend,0,0
20240908,2024-09-08,2024,3,9,September,8,Sunday,36,0,0,,08/09/2024,Shawwal,10,1445,0,0,0,Business,0,0
20240909,2024-09-09,2024,3,9,September,9,Monday,37,0,0,,09/09/2024,Shawwal,10,1445,0,0,0,Business,0,0
20240910,2024-09-10,2024,3,9,September,10,Tuesday,37,0,0,,10/09/2024,Shawwal,10,1445,0,0,0,Business,0,0
20240911,2024-09-11,2024,3,9,September,11,Wednesday,37,0,0,,11/09/2024,Shawwal,10,1445,0,0,0,Business,0,0
20240912,2024-09-12,2024,3,9,September,12,Thursday,37,0,0,,12/09/2024,Shawwal,10,1445,0,0,0,Business,0,0
20240913,2024-09-13,2024,3,9,September,13,Friday,37,1,0,,13/09/2024,Shawwal,10,1445,0,0,0,Weekend,0,0
20240914,2024-09-14,2024,3,9,September,14,Saturday,37,1,0,,14/09/2024,Shawwal,10,1445,0,0,0,Weekend,0,0
20240915,2024-09-15,2024,3,9,September,15,Sunday,37,0,0,,15/09/2024,Shawwal,10,1445,0,0,0,Business,0,0
20240916,2024-09-16,2024,3,9,September,16,Monday,38,0,0,,16/09/2024,Shawwal,10,1445,0,0,0,Business,0,0
20240917,2024-09-17,2024,3,9,September,17,Tuesday,38,0,0,,17/09/2024,Shawwal,10,1445,0,0,0,Business,0,0
20240918,2024-09-18,2024,3,9,September,18,Wednesday,38,0,0,,18/09/2024,Shawwal,10,1445,0,0,0,Business,0,0
20240919,2024-09-19,2024,3,9,September,19,Thursday,38,0,0,,19/09/2024,Shawwal,10,1445,0,0,0,Business,0,0
20240920,2024-09-20,2024,3,9,September,20,Friday,38,1,0,,20/09/2024,Shawwal,10,1445,0,0,0,Weekend,0,0
20240921,2024-09-21,2024,3,9,September,21,Saturday,38,1,0,,21/09/2024,Shawwal,10,1445,0,0,0,Weekend,0,0
20240922,2024-09-22,2024,3,9,September,22,Sunday,38,0,0,,22/09/2024,Shawwal,10,1445,0,0,0,Business,0,0
20240923,2024-09-23,2024,3,9,September,23,Monday,39,0,1,National Day,23/09/2024,Shawwal,10,1445,0,0,0,Business,0,1
20240924,2024-09-24,2024,3,9,September,24,Tuesday,39,0,0,,24/09/2024,Shawwal,10,1445,0,0,0,Business,0,0
20240925,2024-09-25,2024,3,9,September,25,Wednesday,39,0,0,,25/09/2024,Shawwal,10,1445,0,0,0,Business,0,0
20240926,2024-09-26,2024,3,9,September,26,Thursday,39,0,0,,26/09/2024,Shawwal,10,1445,0,0,0,Business,0,0
20240927,2024-09-27,2024,3,9,September,27,Friday,39,1,0,,27/09/2024,Shawwal,10,1445,0,0,0,Weekend,0,0
20240928,2024-09-28,2024,3,9,September,28,Saturday,39,1,0,,28/09/2024,Shawwal,10,1445,0,0,0,Weekend,0,0
20240929,2024-09-29,2024,3,9,September,29,Sunday,39,0,0,,29/09/2024,Shawwal,10,1445,0,0,0,Business,0,0
20240930,2024-09-30,2024,3,9,September,30,Monday,40,0,0,,30/09/2024,Shawwal,10,1445,0,0,0,Business,0,0
20241001,2024-10-01,2024,4,10,October,1,Tuesday,40,0,0,,01/10/2024,Shawwal,10,1445,0,0,0,Business,0,0
20241002,2024-10-02,2024,4,10,October,2,Wednesday,40,0,0,,02/10/2024,Shawwal,10,1445,0,0,0,Business,0,0
20241003,2024-10-03,2024,4,10,October,3,Thursday,40,0,0,,03/10/2024,Shawwal,10,1445,0,0,0,Business,0,0
20241004,2024-10-04,2024,4,10,October,4,Friday,40,1,0,,04/10/2024,Shawwal,10,1445,0,0,0,Weekend,0,0
20241005,2024-10-05,2024,4,10,October,5,Saturday,40,1,0,,05/10/2024,Shawwal,10,1445,0,0,0,Weekend,0,0
20241006,2024-10-06,2024,4,10,October,6,Sunday,40,0,0,,06/10/2024,Shawwal,10,1445,0,0,0,Business,0,0
20241007,2024-10-07,2024,4,10,October,7,Monday,41,0,0,,07/10/2024,Shawwal,10,1445,0,0,0,Business,0,0
20241008,2024-10-08,2024,4,10,October,8,Tuesday,41,0,0,,08/10/2024,Shawwal,10,1445,0,0,0,Business,0,0
20241009,2024-10-09,2024,4,10,October,9,Wednesday,41,0,0,,09/10/2024,Shawwal,10,1445,0,0,0,Business,0,0
20241010,2024-10-10,2024,4,10,October,10,Thursday,41,0,0,,10/10/2024,Shawwal,10,1445,0,0,0,Business,0,0
20241011,2024-10-11,2024,4,10,October,11,Friday,41,1,0,,11/10/2024,Shawwal,10,1445,0,0,0,Weekend,0,0
20241012,2024-10-12,2024,4,10,October,12,Saturday,41,1,0,,12/10/2024,Shawwal,10,1445,0,0,0,Weekend,0,0
20241013,2024-10-13,2024,4,10,October,13,Sunday,41,0,0,,13/10/2024,Shawwal,10,1445,0,0,0,Business,0,0
20241014,2024-10-14,2024,4,10,October,14,Monday,42,0,0,,14/10/2024,Shawwal,10,1445,0,0,0,Business,0,0
20241015,2024-10-15,2024,4,10,October,15,Tuesday,42,0,0,,15/10/2024,Shawwal,10,1445,0,0,0,Business,0,0
20241016,2024-10-16,2024,4,10,October,16,Wednesday,42,0,0,,16/10/2024,Shawwal,10,1445,0,0,0,Business,0,0
20241017,2024-10-17,2024,4,10,October,17,Thursday,42,0,0,,17/10/2024,Shawwal,10,1445,0,0,0,Business,0,0
20241018,2024-10-18,2024,4,10,October,18,Friday,42,1,0,,18/10/2024,Shawwal,10,1445,0,0,0,Weekend,0,0
20241019,2024-10-19,2024,4,10,October,19,Saturday,42,1,0,,19/10/2024,Shawwal,10,1445,0,0,0,Weekend,0,0
20241020,2024-10-20,2024,4,10,October,20,Sunday,42,0,0,,20/10/2024,Shawwal,10,1445,0,0,0,Business,0,0
20241021,2024-10-21,2024,4,10,October,21,Monday,43,0,0,,21/10/2024,Shawwal,10,1445,0,0,0,Business,0,0
20241022,2024-10-22,2024,4,10,October,22,Tuesday,43,0,0,,22/10/2024,Shawwal,10,1445,0,0,0,Business,0,0
20241023,2024-10-23,2024,4,10,October,23,Wednesday,43,0,0,,23/10/2024,Shawwal,10,1445,0,0,0,Business,0,0
20241024,2024-10-24,2024,4,10,October,24,Thursday,43,0,0,,24/10/2024,Shawwal,10,1445,0,0,0,Business,0,0
20241025,2024-10-25,2024,4,10,October,25,Friday,43,1,0,,25/10/2024,Shawwal,10,1445,0,0,0,Weekend,0,0
20241026,2024-10-26,2024,4,10,October,26,Saturday,43,1,0,,26/10/2024,Shawwal,10,1445,0,0,0,Weekend,0,0
20241027,2024-10-27,2024,4,10,October,27,Sunday,43,0,0,,27/10/2024,Shawwal,10,1445,0,0,0,Business,0,0
20241028,2024-10-28,2024,4,10,October,28,Monday,44,0,0,,28/10/2024,Shawwal,10,1445,0,0,0,Business,0,0
20241029,2024-10-29,2024,4,10,October,29,Tuesday,44,0,0,,29/10/2024,Shawwal,10,1445,0,0,0,Business,0,0
20241030,2024-10-30,2024,4,10,October,30,Wednesday,44,0,0,,30/10/2024,Shawwal,10,1445,0,0,0,Business,0,0
20241031,2024-10-31,2024,4,10,October,31,Thursday,44,0,0,,31/10/2024,Shawwal,10,1445,0,0,0,Business,0,0
20241101,2024-11-01,2024,4,11,November,1,Friday,44,1,0,,01/11/2024,Shawwal,10,1445,0,0,0,Weekend,0,0
20241102,2024-11-02,2024,4,11,November,2,Saturday,44,1,0,,02/11/2024,Shawwal,10,1445,0,0,0,Weekend,0,0
20241103,2024-11-03,2024,4,11,November,3,Sunday,44,0,0,,03/11/2024,Shawwal,10,1445,0,0,0,Business,0,0
20241104,2024-11-04,2024,4,11,November,4,Monday,45,0,0,,04/11/2024,Shawwal,10,1445,0,0,0,Business,0,0
20241105,2024-11-05,2024,4,11,November,5,Tuesday,45,0,0,,05/11/2024,Shawwal,10,1445,0,0,0,Business,0,0
20241106,2024-11-06,2024,4,11,November,6,Wednesday,45,0,0,,06/11/2024,Shawwal,10,1445,0,0,0,Business,0,0
20241107,2024-11-07,2024,4,11,November,7,Thursday,45,0,0,,07/11/2024,Shawwal,10,1445,0,0,0,Business,0,0
20241108,2024-11-08,2024,4,11,November,8,Friday,45,1,0,,08/11/2024,Shawwal,10,1445,0,0,0,Weekend,0,0
20241109,2024-11-09,2024,4,11,November,9,Saturday,45,1,0,,09/11/2024,Shawwal,10,1445,0,0,0,Weekend,0,0
20241110,2024-11-10,2024,4,11,November,10,Sunday,45,0,0,,10/11/2024,Shawwal,10,1445,0,0,0,Business,0,0
20241111,2024-11-11,2024,4,11,November,11,Monday,46,0,0,,11/11/2024,Shawwal,10,1445,0,0,0,Business,0,0
20241112,2024-11-12,2024,4,11,November,12,Tuesday,46,0,0,,12/11/2024,Shawwal,10,1445,0,0,0,Business,0,0
20241113,2024-11-13,2024,4,11,November,13,Wednesday,46,0,0,,13/11/2024,Shawwal,10,1445,0,0,0,Business,0,0
20241114,2024-11-14,2024,4,11,November,14,Thursday,46,0,0,,14/11/2024,Shawwal,10,1445,0,0,0,Business,0,0
20241115,2024-11-15,2024,4,11,November,15,Friday,46,1,0,,15/11/2024,Shawwal,10,1445,0,0,0,Weekend,0,0
20241116,2024-11-16,2024,4,11,November,16,Saturday,46,1,0,,16/11/2024,Shawwal,10,1445,0,0,0,Weekend,0,0
20241117,2024-11-17,2024,4,11,November,17,Sunday,46,0,0,,17/11/2024,Shawwal,10,1445,0,0,0,Business,0,0
20241118,2024-11-18,2024,4,11,November,18,Monday,47,0,0,,18/11/2024,Shawwal,10,1445,0,0,0,Business,0,0
20241119,2024-11-19,2024,4,11,November,19,Tuesday,47,0,0,,19/11/2024,Shawwal,10,1445,0,0,0,Business,0,0
20241120,2024-11-20,2024,4,11,November,20,Wednesday,47,0,0,,20/11/2024,Shawwal,10,1445,0,0,0,Business,0,0
20241121,2024-11-21,2024,4,11,November,21,Thursday,47,0,0,,21/11/2024,Shawwal,10,1445,0,0,0,Business,0,0
20241122,2024-11-22,2024,4,11,November,22,Friday,47,1,0,,22/11/2024,Shawwal,10,1445,0,0,0,Weekend,0,0
20241123,2024-11-23,2024,4,11,November,23,Saturday,47,1,0,,23/11/2024,Shawwal,10,1445,0,0,0,Weekend,0,0
20241124,2024-11-24,2024,4,11,November,24,Sunday,47,0,0,,24/11/2024,Shawwal,10,1445,0,0,0,Business,0,0
20241125,2024-11-25,2024,4,11,November,25,Monday,48,0,0,,25/11/2024,Shawwal,10,1445,0,0,0,Business,0,0
20241126,2024-11-26,2024,4,11,November,26,Tuesday,48,0,0,,26/11/2024,Shawwal,10,1445,0,0,0,Business,0,0
20241127,2024-11-27,2024,4,11,November,27,Wednesday,48,0,0,,27/11/2024,Shawwal,10,1445,0,0,0,Business,0,0
20241128,2024-11-28,2024,4,11,November,28,Thursday,48,0,0,,28/11/2024,Shawwal,10,1445,0,0,0,Business,0,0
20241129,2024-11-29,2024,4,11,November,29,Friday,48,1,0,,29/11/2024,Shawwal,10,1445,0,0,0,Weekend,0,0
20241130,2024-11-30,2024,4,11,November,30,Saturday,48,1,0,,30/11/2024,Shawwal,10,1445,0,0,0,Weekend,0,0
20241201,2024-12-01,2024,4,12,December,1,Sunday,48,0,0,,01/12/2024,Shawwal,10,1445,0,0,0,Business,0,0
20241202,2024-12-02,2024,4,12,December,2,Monday,49,0,0,,02/12/2024,Shawwal,10,1445,0,0,0,Business,0,0
20241203,2024-12-03,2024,4,12,December,3,Tuesday,49,0,0,,03/12/2024,Shawwal,10,1445,0,0,0,Business,0,0
20241204,2024-12-04,2024,4,12,December,4,Wednesday,49,0,0,,04/12/2024,Shawwal,10,1445,0,0,0,Business,0,0
20241205,2024-12-05,2024,4,12,December,5,Thursday,49,0,0,,05/12/2024,Shawwal,10,1445,0,0,0,Business,0,0
20241206,2024-12-06,2024,4,12,December,6,Friday,49,1,0,,06/12/2024,Shawwal,10,1445,0,0,0,Weekend,0,0
20241207,2024-12-07,2024,4,12,December,7,Saturday,49,1,0,,07/12/2024,Shawwal,10,1445,0,0,0,Weekend,0,0
20241208,2024-12-08,2024,4,12,December,8,Sunday,49,0,0,,08/12/2024,Shawwal,10,1445,0,0,0,Business,0,0
20241209,2024-12-09,2024,4,12,December,9,Monday,50,0,0,,09/12/2024,Shawwal,10,1445,0,0,0,Business,0,0
20241210,2024-12-10,2024,4,12,December,10,Tuesday,50,0,0,,10/12/2024,Shawwal,10,1445,0,0,0,Business,0,0
20241211,2024-12-11,2024,4,12,December,11,Wednesday,50,0,0,,11/12/2024,Shawwal,10,1445,0,0,0,Business,0,0
20241212,2024-12-12,2024,4,12,December,12,Thursday,50,0,0,,12/12/2024,Shawwal,10,1445,0,0,0,Business,0,0
20241213,2024-12-13,2024,4,12,December,13,Friday,50,1,0,,13/12/2024,Shawwal,10,1445,0,0,0,Weekend,0,0
20241214,2024-12-14,2024,4,12,December,14,Saturday,50,1,0,,14/12/2024,Shawwal,10,1445,0,0,0,Weekend,0,0
20241215,2024-12-15,2024,4,12,December,15,Sunday,50,0,0,,15/12/2024,Shawwal,10,1445,0,0,0,Business,0,0
20241216,2024-12-16,2024,4,12,December,16,Monday,51,0,0,,16/12/2024,Shawwal,10,1445,0,0,0,Business,0,0
20241217,2024-12-17,2024,4,12,December,17,Tuesday,51,0,0,,17/12/2024,Shawwal,10,1445,0,0,0,Business,0,0
20241218,2024-12-18,2024,4,12,December,18,Wednesday,51,0,0,,18/12/2024,Shawwal,10,1445,0,0,0,Business,0,0
20241219,2024-12-19,2024,4,12,December,19,Thursday,51,0,0,,19/12/2024,Shawwal,10,1445,0,0,0,Business,0,0
20241220,2024-12-20,2024,4,12,December,20,Friday,51,1,0,,20/12/2024,Shawwal,10,1445,0,0,0,Weekend,0,0
20241221,2024-12-21,2024,4,12,December,21,Saturday,51,1,0,,21/12/2024,Shawwal,10,1445,0,0,0,Weekend,0,0
20241222,2024-12-22,2024,4,12,December,22,Sunday,51,0,0,,22/12/2024,Shawwal,10,1445,0,0,0,Business,0,0
20241223,2024-12-23,2024,4,12,December,23,Monday,52,0,0,,23/12/2024,Shawwal,10,1445,0,0,0,Business,0,0
20241224,2024-12-24,2024,4,12,December,24,Tuesday,52,0,0,,24/12/2024,Shawwal,10,1445,0,0,0,Business,0,0
20241225,2024-12-25,2024,4,12,December,25,Wednesday,52,0,0,,25/12/2024,Shawwal,10,1445,0,0,0,Business,0,0
20241226,2024-12-26,2024,4,12,December,26,Thursday,52,0,0,,26/12/2024,Shawwal,10,1445,0,0,0,Business,0,0
20241227,2024-12-27,2024,4,12,December,27,Friday,52,1,0,,27/12/2024,Shawwal,10,1445,0,0,0,Weekend,0,0
20241228,2024-12-28,2024,4,12,December,28,Saturday,52,1,0,,28/12/2024,Shawwal,10,1445,0,0,0,Weekend,0,0
20241229,2024-12-29,2024,4,12,December,29,Sunday,52,0,0,,29/12/2024,Shawwal,10,1445,0,0,0,Business,0,0
20241230,2024-12-30,2024,4,12,December,30,Monday,1,0,0,,30/12/2024,Shawwal,10,1445,0,0,0,Business,0,0
20241231,2024-12-31,2024,4,12,December,31,Tuesday,1,0,0,,31/12/2024,Shawwal,10,1445,0,0,0,Business,0,0
20250101,2025-01-01,2025,1,1,January,1,Wednesday,1,0,0,,01/01/2025,Shawwal,10,1446,0,0,0,Business,0,0
20250102,2025-01-02,2025,1,1,January,2,Thursday,1,0,0,,02/01/2025,Shawwal,10,1446,0,0,0,Business,0,0
20250103,2025-01-03,2025,1,1,January,3,Friday,1,1,0,,03/01/2025,Shawwal,10,1446,0,0,0,Weekend,0,0
20250104,2025-01-04,2025,1,1,January,4,Saturday,1,1,0,,04/01/2025,Shawwal,10,1446,0,0,0,Weekend,0,0
20250105,2025-01-05,2025,1,1,January,5,Sunday,1,0,0,,05/01/2025,Shawwal,10,1446,0,0,0,Business,0,0
20250106,2025-01-06,2025,1,1,January,6,Monday,2,0,0,,06/01/2025,Shawwal,10,1446,0,0,0,Business,0,0
20250107,2025-01-07,2025,1,1,January,7,Tuesday,2,0,0,,07/01/2025,Shawwal,10,1446,0,0,0,Business,0,0
20250108,2025-01-08,2025,1,1,January,8,Wednesday,2,0,0,,08/01/2025,Shawwal,10,1446,0,0,0,Business,0,0
20250109,2025-01-09,2025,1,1,January,9,Thursday,2,0,0,,09/01/2025,Shawwal,10,1446,0,0,0,Business,0,0
20250110,2025-01-10,2025,1,1,January,10,Friday,2,1,0,,10/01/2025,Shawwal,10,1446,0,0,0,Weekend,0,0
20250111,2025-01-11,2025,1,1,January,11,Saturday,2,1,0,,11/01/2025,Shawwal,10,1446,0,0,0,Weekend,0,0
20250112,2025-01-12,2025,1,1,January,12,Sunday,2,0,0,,12/01/2025,Shawwal,10,1446,0,0,0,Business,0,0
20250113,2025-01-13,2025,1,1,January,13,Monday,3,0,0,,13/01/2025,Shawwal,10,1446,0,0,0,Business,0,0
20250114,2025-01-14,2025,1,1,January,14,Tuesday,3,0,0,,14/01/2025,Shawwal,10,1446,0,0,0,Business,0,0
20250115,2025-01-15,2025,1,1,January,15,Wednesday,3,0,0,,15/01/2025,Shawwal,10,1446,0,0,0,Business,0,0
20250116,2025-01-16,2025,1,1,January,16,Thursday,3,0,0,,16/01/2025,Shawwal,10,1446,0,0,0,Business,0,0
20250117,2025-01-17,2025,1,1,January,17,Friday,3,1,0,,17/01/2025,Shawwal,10,1446,0,0,0,Weekend,0,0
20250118,2025-01-18,2025,1,1,January,18,Saturday,3,1,0,,18/01/2025,Shawwal,10,1446,0,0,0,Weekend,0,0
20250119,2025-01-19,2025,1,1,January,19,Sunday,3,0,0,,19/01/2025,Shawwal,10,1446,0,0,0,Business,0,0
20250120,2025-01-20,2025,1,1,January,20,Monday,4,0,0,,20/01/2025,Shawwal,10,1446,0,0,0,Business,0,0
20250121,2025-01-21,2025,1,1,January,21,Tuesday,4,0,0,,21/01/2025,Shawwal,10,1446,0,0,0,Business,0,0
20250122,2025-01-22,2025,1,1,January,22,Wednesday,4,0,0,,22/01/2025,Shawwal,10,1446,0,0,0,Business,0,0
20250123,2025-01-23,2025,1,1,January,23,Thursday,4,0,0,,23/01/2025,Shawwal,10,1446,0,0,0,Business,0,0
20250124,2025-01-24,2025,1,1,January,24,Friday,4,1,0,,24/01/2025,Shawwal,10,1446,0,0,0,Weekend,0,0
20250125,2025-01-25,2025,1,1,January,25,Saturday,4,1,0,,25/01/2025,Shawwal,10,1446,0,0,0,Weekend,0,0
20250126,2025-01-26,2025,1,1,January,26,Sunday,4,0,0,,26/01/2025,Shawwal,10,1446,0,0,0,Business,0,0
20250127,2025-01-27,2025,1,1,January,27,Monday,5,0,0,,27/01/2025,Shawwal,10,1446,0,0,0,Business,0,0
20250128,2025-01-28,2025,1,1,January,28,Tuesday,5,0,0,,28/01/2025,Shawwal,10,1446,0,0,0,Business,0,0
20250129,2025-01-29,2025,1,1,January,29,Wednesday,5,0,0,,29/01/2025,Shawwal,10,1446,0,0,0,Business,0,0
20250130,2025-01-30,2025,1,1,January,30,Thursday,5,0,0,,30/01/2025,Shawwal,10,1446,0,0,0,Business,0,0
20250131,2025-01-31,2025,1,1,January,31,Friday,5,1,0,,31/01/2025,Shawwal,10,1446,0,0,0,Weekend,0,0
20250201,2025-02-01,2025,1,2,February,1,Saturday,5,1,0,,01/02/2025,Shawwal,10,1446,0,0,0,Weekend,0,0
20250202,2025-02-02,2025,1,2,February,2,Sunday,5,0,0,,02/02/2025,Shawwal,10,1446,0,0,0,Business,0,0
20250203,2025-02-03,2025,1,2,February,3,Monday,6,0,0,,03/02/2025,Shawwal,10,1446,0,0,0,Business,0,0
20250204,2025-02-04,2025,1,2,February,4,Tuesday,6,0,0,,04/02/2025,Shawwal,10,1446,0,0,0,Business,0,0
20250205,2025-02-05,2025,1,2,February,5,Wednesday,6,0,0,,05/02/2025,Shawwal,10,1446,0,0,0,Business,0,0
20250206,2025-02-06,2025,1,2,February,6,Thursday,6,0,0,,06/02/2025,Shawwal,10,1446,0,0,0,Business,0,0
20250207,2025-02-07,2025,1,2,February,7,Friday,6,1,0,,07/02/2025,Shawwal,10,1446,0,0,0,Weekend,0,0
20250208,2025-02-08,2025,1,2,February,8,Saturday,6,1,0,,08/02/2025,Shawwal,10,1446,0,0,0,Weekend,0,0
20250209,2025-02-09,2025,1,2,February,9,Sunday,6,0,0,,09/02/2025,Shawwal,10,1446,0,0,0,Business,0,0
20250210,2025-02-10,2025,1,2,February,10,Monday,7,0,0,,10/02/2025,Shawwal,10,1446,0,0,0,Business,0,0
20250211,2025-02-11,2025,1,2,February,11,Tuesday,7,0,0,,11/02/2025,Shawwal,10,1446,0,0,0,Business,0,0
20250212,2025-02-12,2025,1,2,February,12,Wednesday,7,0,0,,12/02/2025,Shawwal,10,1446,0,0,0,Business,0,0
20250213,2025-02-13,2025,1,2,February,13,Thursday,7,0,0,,13/02/2025,Shawwal,10,1446,0,0,0,Business,0,0
20250214,2025-02-14,2025,1,2,February,14,Friday,7,1,0,,14/02/2025,Shawwal,10,1446,0,0,0,Weekend,0,0
20250215,2025-02-15,2025,1,2,February,15,Saturday,7,1,0,,15/02/2025,Shawwal,10,1446,0,0,0,Weekend,0,0
20250216,2025-02-16,2025,1,2,February,16,Sunday,7,0,0,,16/02/2025,Shawwal,10,1446,0,0,0,Business,0,0
20250217,2025-02-17,2025,1,2,February,17,Monday,8,0,0,,17/02/2025,Shawwal,10,1446,0,0,0,Business,0,0
20250218,2025-02-18,2025,1,2,February,18,Tuesday,8,0,0,,18/02/2025,Shawwal,10,1446,0,0,0,Business,0,0
20250219,2025-02-19,2025,1,2,February,19,Wednesday,8,0,0,,19/02/2025,Shawwal,10,1446,0,0,0,Business,0,0
20250220,2025-02-20,2025,1,2,February,20,Thursday,8,0,0,,20/02/2025,Shawwal,10,1446,0,0,0,Business,0,0
20250221,2025-02-21,2025,1,2,February,21,Friday,8,1,0,,21/02/2025,Shawwal,10,1446,0,0,0,Weekend,0,0
20250222,2025-02-22,2025,1,2,February,22,Saturday,8,1,1,Founding Day,22/02/2025,Shawwal,10,1446,0,0,0,Weekend,1,0
20250223,2025-02-23,2025,1,2,February,23,Sunday,8,0,0,,23/02/2025,Shawwal,10,1446,0,0,0,Business,0,0
20250224,2025-02-24,2025,1,2,February,24,Monday,9,0,0,,24/02/2025,Shawwal,10,1446,0,0,0,Business,0,0
20250225,2025-02-25,2025,1,2,February,25,Tuesday,9,0,0,,25/02/2025,Shawwal,10,1446,0,0,0,Business,0,0
20250226,2025-02-26,2025,1,2,February,26,Wednesday,9,0,0,,26/02/2025,Shawwal,10,1446,0,0,0,Business,0,0
20250227,2025-02-27,2025,1,2,February,27,Thursday,9,0,0,,27/02/2025,Shawwal,10,1446,0,0,0,Business,0,0
20250228,2025-02-28,2025,1,2,February,28,Friday,9,1,0,,28/02/2025,Ramadan,9,1446,1,0,0,Ramadan,0,0
20250301,2025-03-01,2025,1,3,March,1,Saturday,9,1,0,,01/03/2025,Ramadan,9,1446,1,0,0,Ramadan,0,0
20250302,2025-03-02,2025,1,3,March,2,Sunday,9,0,0,,02/03/2025,Ramadan,9,1446,1,0,0,Ramadan,0,0
20250303,2025-03-03,2025,1,3,March,3,Monday,10,0,0,,03/03/2025,Ramadan,9,1446,1,0,0,Ramadan,0,0
20250304,2025-03-04,2025,1,3,March,4,Tuesday,10,0,0,,04/03/2025,Ramadan,9,1446,1,0,0,Ramadan,0,0
20250305,2025-03-05,2025,1,3,March,5,Wednesday,10,0,0,,05/03/2025,Ramadan,9,1446,1,0,0,Ramadan,0,0
20250306,2025-03-06,2025,1,3,March,6,Thursday,10,0,0,,06/03/2025,Ramadan,9,1446,1,0,0,Ramadan,0,0
20250307,2025-03-07,2025,1,3,March,7,Friday,10,1,0,,07/03/2025,Ramadan,9,1446,1,0,0,Ramadan,0,0
20250308,2025-03-08,2025,1,3,March,8,Saturday,10,1,0,,08/03/2025,Ramadan,9,1446,1,0,0,Ramadan,0,0
20250309,2025-03-09,2025,1,3,March,9,Sunday,10,0,0,,09/03/2025,Ramadan,9,1446,1,0,0,Ramadan,0,0
20250310,2025-03-10,2025,1,3,March,10,Monday,11,0,0,,10/03/2025,Ramadan,9,1446,1,0,0,Ramadan,0,0
20250311,2025-03-11,2025,1,3,March,11,Tuesday,11,0,0,,11/03/2025,Ramadan,9,1446,1,0,0,Ramadan,0,0
20250312,2025-03-12,2025,1,3,March,12,Wednesday,11,0,0,,12/03/2025,Ramadan,9,1446,1,0,0,Ramadan,0,0
20250313,2025-03-13,2025,1,3,March,13,Thursday,11,0,0,,13/03/2025,Ramadan,9,1446,1,0,0,Ramadan,0,0
20250314,2025-03-14,2025,1,3,March,14,Friday,11,1,0,,14/03/2025,Ramadan,9,1446,1,0,0,Ramadan,0,0
20250315,2025-03-15,2025,1,3,March,15,Saturday,11,1,0,,15/03/2025,Ramadan,9,1446,1,0,0,Ramadan,0,0
20250316,2025-03-16,2025,1,3,March,16,Sunday,11,0,0,,16/03/2025,Ramadan,9,1446,1,0,0,Ramadan,0,0
20250317,2025-03-17,2025,1,3,March,17,Monday,12,0,0,,17/03/2025,Ramadan,9,1446,1,0,0,Ramadan,0,0
20250318,2025-03-18,2025,1,3,March,18,Tuesday,12,0,0,,18/03/2025,Ramadan,9,1446,1,0,0,Ramadan,0,0
20250319,2025-03-19,2025,1,3,March,19,Wednesday,12,0,0,,19/03/2025,Ramadan,9,1446,1,0,0,Ramadan,0,0
20250320,2025-03-20,2025,1,3,March,20,Thursday,12,0,0,,20/03/2025,Ramadan,9,1446,1,0,0,Ramadan,0,0
20250321,2025-03-21,2025,1,3,March,21,Friday,12,1,0,,21/03/2025,Ramadan,9,1446,1,0,0,Ramadan,0,0
20250322,2025-03-22,2025,1,3,March,22,Saturday,12,1,0,,22/03/2025,Ramadan,9,1446,1,0,0,Ramadan,0,0
20250323,2025-03-23,2025,1,3,March,23,Sunday,12,0,0,,23/03/2025,Ramadan,9,1446,1,0,0,Ramadan,0,0
20250324,2025-03-24,2025,1,3,March,24,Monday,13,0,0,,24/03/2025,Ramadan,9,1446,1,0,0,Ramadan,0,0
20250325,2025-03-25,2025,1,3,March,25,Tuesday,13,0,0,,25/03/2025,Ramadan,9,1446,1,0,0,Ramadan,0,0
20250326,2025-03-26,2025,1,3,March,26,Wednesday,13,0,0,,26/03/2025,Ramadan,9,1446,1,0,0,Ramadan,0,0
20250327,2025-03-27,2025,1,3,March,27,Thursday,13,0,0,,27/03/2025,Ramadan,9,1446,1,0,0,Ramadan,0,0
20250328,2025-03-28,2025,1,3,March,28,Friday,13,1,0,,28/03/2025,Ramadan,9,1446,1,0,0,Ramadan,0,0
20250329,2025-03-29,2025,1,3,March,29,Saturday,13,1,0,,29/03/2025,Ramadan,9,1446,1,0,0,Ramadan,0,0
20250330,2025-03-30,2025,1,3,March,30,Sunday,13,0,0,,30/03/2025,Ramadan,9,1446,1,0,0,Ramadan,0,0
20250331,2025-03-31,2025,1,3,March,31,Monday,14,0,0,,31/03/2025,Shawwal,10,1446,0,0,0,Business,0,0
20250401,2025-04-01,2025,2,4,April,1,Tuesday,14,0,0,,01/04/2025,Shawwal,10,1446,0,0,0,Business,0,0
20250402,2025-04-02,2025,2,4,April,2,Wednesday,14,0,0,,02/04/2025,Shawwal,10,1446,0,0,0,Business,0,0
20250403,2025-04-03,2025,2,4,April,3,Thursday,14,0,0,,03/04/2025,Shawwal,10,1446,0,0,0,Business,0,0
20250404,2025-04-04,2025,2,4,April,4,Friday,14,1,0,,04/04/2025,Shawwal,10,1446,0,0,0,Weekend,0,0
20250405,2025-04-05,2025,2,4,April,5,Saturday,14,1,0,,05/04/2025,Shawwal,10,1446,0,0,0,Weekend,0,0
20250406,2025-04-06,2025,2,4,April,6,Sunday,14,0,0,,06/04/2025,Shawwal,10,1446,0,0,0,Business,0,0
20250407,2025-04-07,2025,2,4,April,7,Monday,15,0,0,,07/04/2025,Shawwal,10,1446,0,0,0,Business,0,0
20250408,2025-04-08,2025,2,4,April,8,Tuesday,15,0,0,,08/04/2025,Shawwal,10,1446,0,0,0,Business,0,0
20250409,2025-04-09,2025,2,4,April,9,Wednesday,15,0,0,,09/04/2025,Shawwal,10,1446,0,0,0,Business,0,0
20250410,2025-04-10,2025,2,4,April,10,Thursday,15,0,0,,10/04/2025,Shawwal,10,1446,0,0,1,Holiday,0,0
20250411,2025-04-11,2025,2,4,April,11,Friday,15,1,0,,11/04/2025,Shawwal,10,1446,0,0,1,Weekend,0,0
20250412,2025-04-12,2025,2,4,April,12,Saturday,15,1,0,,12/04/2025,Shawwal,10,1446,0,0,1,Weekend,0,0
20250413,2025-04-13,2025,2,4,April,13,Sunday,15,0,0,,13/04/2025,Shawwal,10,1446,0,0,1,Business,0,0
20250414,2025-04-14,2025,2,4,April,14,Monday,16,0,0,,14/04/2025,Shawwal,10,1446,0,0,0,Business,0,0
20250415,2025-04-15,2025,2,4,April,15,Tuesday,16,0,0,,15/04/2025,Shawwal,10,1446,0,0,0,Business,0,0
20250416,2025-04-16,2025,2,4,April,16,Wednesday,16,0,0,,16/04/2025,Shawwal,10,1446,0,0,0,Business,0,0
20250417,2025-04-17,2025,2,4,April,17,Thursday,16,0,0,,17/04/2025,Shawwal,10,1446,0,0,0,Business,0,0
20250418,2025-04-18,2025,2,4,April,18,Friday,16,1,0,,18/04/2025,Shawwal,10,1446,0,0,0,Weekend,0,0
20250419,2025-04-19,2025,2,4,April,19,Saturday,16,1,0,,19/04/2025,Shawwal,10,1446,0,0,0,Weekend,0,0
20250420,2025-04-20,2025,2,4,April,20,Sunday,16,0,0,,20/04/2025,Shawwal,10,1446,0,0,0,Business,0,0
20250421,2025-04-21,2025,2,4,April,21,Monday,17,0,0,,21/04/2025,Shawwal,10,1446,0,0,0,Business,0,0
20250422,2025-04-22,2025,2,4,April,22,Tuesday,17,0,0,,22/04/2025,Shawwal,10,1446,0,0,0,Business,0,0
20250423,2025-04-23,2025,2,4,April,23,Wednesday,17,0,0,,23/04/2025,Shawwal,10,1446,0,0,0,Business,0,0
20250424,2025-04-24,2025,2,4,April,24,Thursday,17,0,0,,24/04/2025,Shawwal,10,1446,0,0,0,Business,0,0
20250425,2025-04-25,2025,2,4,April,25,Friday,17,1,0,,25/04/2025,Shawwal,10,1446,0,0,0,Weekend,0,0
20250426,2025-04-26,2025,2,4,April,26,Saturday,17,1,0,,26/04/2025,Shawwal,10,1446,0,0,0,Weekend,0,0
20250427,2025-04-27,2025,2,4,April,27,Sunday,17,0,0,,27/04/2025,Shawwal,10,1446,0,0,0,Business,0,0
20250428,2025-04-28,2025,2,4,April,28,Monday,18,0,0,,28/04/2025,Shawwal,10,1446,0,0,0,Business,0,0
20250429,2025-04-29,2025,2,4,April,29,Tuesday,18,0,0,,29/04/2025,Shawwal,10,1446,0,0,0,Business,0,0
20250430,2025-04-30,2025,2,4,April,30,Wednesday,18,0,0,,30/04/2025,Shawwal,10,1446,0,0,0,Business,0,0
20250501,2025-05-01,2025,2,5,May,1,Thursday,18,0,0,,01/05/2025,Shawwal,10,1446,0,0,0,Business,0,0
20250502,2025-05-02,2025,2,5,May,2,Friday,18,1,0,,02/05/2025,Shawwal,10,1446,0,0,0,Weekend,0,0
20250503,2025-05-03,2025,2,5,May,3,Saturday,18,1,0,,03/05/2025,Shawwal,10,1446,0,0,0,Weekend,0,0
20250504,2025-05-04,2025,2,5,May,4,Sunday,18,0,0,,04/05/2025,Shawwal,10,1446,0,0,0,Business,0,0
20250505,2025-05-05,2025,2,5,May,5,Monday,19,0,0,,05/05/2025,Shawwal,10,1446,0,0,0,Business,0,0
20250506,2025-05-06,2025,2,5,May,6,Tuesday,19,0,0,,06/05/2025,Shawwal,10,1446,0,0,0,Business,0,0
20250507,2025-05-07,2025,2,5,May,7,Wednesday,19,0,0,,07/05/2025,Shawwal,10,1446,0,0,0,Business,0,0
20250508,2025-05-08,2025,2,5,May,8,Thursday,19,0,0,,08/05/2025,Shawwal,10,1446,0,0,0,Business,0,0
20250509,2025-05-09,2025,2,5,May,9,Friday,19,1,0,,09/05/2025,Shawwal,10,1446,0,0,0,Weekend,0,0
20250510,2025-05-10,2025,2,5,May,10,Saturday,19,1,0,,10/05/2025,Shawwal,10,1446,0,0,0,Weekend,0,0
20250511,2025-05-11,2025,2,5,May,11,Sunday,19,0,0,,11/05/2025,Shawwal,10,1446,0,0,0,Business,0,0
20250512,2025-05-12,2025,2,5,May,12,Monday,20,0,0,,12/05/2025,Shawwal,10,1446,0,0,0,Business,0,0
20250513,2025-05-13,2025,2,5,May,13,Tuesday,20,0,0,,13/05/2025,Shawwal,10,1446,0,0,0,Business,0,0
20250514,2025-05-14,2025,2,5,May,14,Wednesday,20,0,0,,14/05/2025,Shawwal,10,1446,0,0,0,Business,0,0
20250515,2025-05-15,2025,2,5,May,15,Thursday,20,0,0,,15/05/2025,Shawwal,10,1446,0,0,0,Business,0,0
20250516,2025-05-16,2025,2,5,May,16,Friday,20,1,0,,16/05/2025,Shawwal,10,1446,0,0,0,Weekend,0,0
20250517,2025-05-17,2025,2,5,May,17,Saturday,20,1,0,,17/05/2025,Shawwal,10,1446,0,0,0,Weekend,0,0
20250518,2025-05-18,2025,2,5,May,18,Sunday,20,0,0,,18/05/2025,Shawwal,10,1446,0,0,0,Business,0,0
20250519,2025-05-19,2025,2,5,May,19,Monday,21,0,0,,19/05/2025,Shawwal,10,1446,0,0,0,Business,0,0
20250520,2025-05-20,2025,2,5,May,20,Tuesday,21,0,0,,20/05/2025,Shawwal,10,1446,0,0,0,Business,0,0
20250521,2025-05-21,2025,2,5,May,21,Wednesday,21,0,0,,21/05/2025,Shawwal,10,1446,0,0,0,Business,0,0
20250522,2025-05-22,2025,2,5,May,22,Thursday,21,0,0,,22/05/2025,Shawwal,10,1446,0,0,0,Business,0,0
20250523,2025-05-23,2025,2,5,May,23,Friday,21,1,0,,23/05/2025,Shawwal,10,1446,0,0,0,Weekend,0,0
20250524,2025-05-24,2025,2,5,May,24,Saturday,21,1,0,,24/05/2025,Shawwal,10,1446,0,0,0,Weekend,0,0
20250525,2025-05-25,2025,2,5,May,25,Sunday,21,0,0,,25/05/2025,Shawwal,10,1446,0,0,0,Business,0,0
20250526,2025-05-26,2025,2,5,May,26,Monday,22,0,0,,26/05/2025,Shawwal,10,1446,0,0,0,Business,0,0
20250527,2025-05-27,2025,2,5,May,27,Tuesday,22,0,0,,27/05/2025,Shawwal,10,1446,0,0,0,Business,0,0
20250528,2025-05-28,2025,2,5,May,28,Wednesday,22,0,0,,28/05/2025,Shawwal,10,1446,0,0,0,Business,0,0
20250529,2025-05-29,2025,2,5,May,29,Thursday,22,0,0,,29/05/2025,Shawwal,10,1446,0,0,0,Business,0,0
20250530,2025-05-30,2025,2,5,May,30,Friday,22,1,0,,30/05/2025,Shawwal,10,1446,0,0,0,Weekend,0,0
20250531,2025-05-31,2025,2,5,May,31,Saturday,22,1,0,,31/05/2025,Shawwal,10,1446,0,0,0,Weekend,0,0
20250601,2025-06-01,2025,2,6,June,1,Sunday,22,0,0,,01/06/2025,Shawwal,10,1446,0,0,0,Business,0,0
20250602,2025-06-02,2025,2,6,June,2,Monday,23,0,0,,02/06/2025,Shawwal,10,1446,0,0,0,Business,0,0
20250603,2025-06-03,2025,2,6,June,3,Tuesday,23,0,0,,03/06/2025,Shawwal,10,1446,0,0,0,Business,0,0
20250604,2025-06-04,2025,2,6,June,4,Wednesday,23,0,0,,04/06/2025,Dhul Hijjah,12,1446,0,1,0,Hajj,0,0
20250605,2025-06-05,2025,2,6,June,5,Thursday,23,0,0,,05/06/2025,Dhul Hijjah,12,1446,0,1,0,Hajj,0,0
20250606,2025-06-06,2025,2,6,June,6,Friday,23,1,0,,06/06/2025,Dhul Hijjah,12,1446,0,1,0,Hajj,0,0
20250607,2025-06-07,2025,2,6,June,7,Saturday,23,1,0,,07/06/2025,Dhul Hijjah,12,1446,0,1,0,Hajj,0,0
20250608,2025-06-08,2025,2,6,June,8,Sunday,23,0,0,,08/06/2025,Dhul Hijjah,12,1446,0,1,0,Hajj,0,0
20250609,2025-06-09,2025,2,6,June,9,Monday,24,0,0,,09/06/2025,Dhul Hijjah,12,1446,0,1,0,Hajj,0,0
20250610,2025-06-10,2025,2,6,June,10,Tuesday,24,0,0,,10/06/2025,Shawwal,10,1446,0,0,0,Business,0,0
20250611,2025-06-11,2025,2,6,June,11,Wednesday,24,0,0,,11/06/2025,Shawwal,10,1446,0,0,0,Business,0,0
20250612,2025-06-12,2025,2,6,June,12,Thursday,24,0,0,,12/06/2025,Shawwal,10,1446,0,0,0,Business,0,0
20250613,2025-06-13,2025,2,6,June,13,Friday,24,1,0,,13/06/2025,Shawwal,10,1446,0,0,0,Weekend,0,0
20250614,2025-06-14,2025,2,6,June,14,Saturday,24,1,0,,14/06/2025,Shawwal,10,1446,0,0,0,Weekend,0,0
20250615,2025-06-15,2025,2,6,June,15,Sunday,24,0,0,,15/06/2025,Shawwal,10,1446,0,0,0,Business,0,0
20250616,2025-06-16,2025,2,6,June,16,Monday,25,0,0,,16/06/2025,Shawwal,10,1446,0,0,1,Holiday,0,0
20250617,2025-06-17,2025,2,6,June,17,Tuesday,25,0,0,,17/06/2025,Shawwal,10,1446,0,0,1,Business,0,0
20250618,2025-06-18,2025,2,6,June,18,Wednesday,25,0,0,,18/06/2025,Shawwal,10,1446,0,0,1,Business,0,0
20250619,2025-06-19,2025,2,6,June,19,Thursday,25,0,0,,19/06/2025,Shawwal,10,1446,0,0,1,Business,0,0
20250620,2025-06-20,2025,2,6,June,20,Friday,25,1,0,,20/06/2025,Shawwal,10,1446,0,0,0,Weekend,0,0
20250621,2025-06-21,2025,2,6,June,21,Saturday,25,1,0,,21/06/2025,Shawwal,10,1446,0,0,0,Weekend,0,0
20250622,2025-06-22,2025,2,6,June,22,Sunday,25,0,0,,22/06/2025,Shawwal,10,1446,0,0,0,Business,0,0
20250623,2025-06-23,2025,2,6,June,23,Monday,26,0,0,,23/06/2025,Shawwal,10,1446,0,0,0,Business,0,0
20250624,2025-06-24,2025,2,6,June,24,Tuesday,26,0,0,,24/06/2025,Shawwal,10,1446,0,0,0,Business,0,0
20250625,2025-06-25,2025,2,6,June,25,Wednesday,26,0,0,,25/06/2025,Shawwal,10,1446,0,0,0,Business,0,0
20250626,2025-06-26,2025,2,6,June,26,Thursday,26,0,0,,26/06/2025,Shawwal,10,1446,0,0,0,Business,0,0
20250627,2025-06-27,2025,2,6,June,27,Friday,26,1,0,,27/06/2025,Shawwal,10,1446,0,0,0,Weekend,0,0
20250628,2025-06-28,2025,2,6,June,28,Saturday,26,1,0,,28/06/2025,Shawwal,10,1446,0,0,0,Weekend,0,0
20250629,2025-06-29,2025,2,6,June,29,Sunday,26,0,0,,29/06/2025,Shawwal,10,1446,0,0,0,Business,0,0
20250630,2025-06-30,2025,2,6,June,30,Monday,27,0,0,,30/06/2025,Shawwal,10,1446,0,0,0,Business,0,0
20250701,2025-07-01,2025,3,7,July,1,Tuesday,27,0,0,,01/07/2025,Shawwal,10,1446,0,0,0,Business,0,0
20250702,2025-07-02,2025,3,7,July,2,Wednesday,27,0,0,,02/07/2025,Shawwal,10,1446,0,0,0,Business,0,0
20250703,2025-07-03,2025,3,7,July,3,Thursday,27,0,0,,03/07/2025,Shawwal,10,1446,0,0,0,Business,0,0
20250704,2025-07-04,2025,3,7,July,4,Friday,27,1,0,,04/07/2025,Shawwal,10,1446,0,0,0,Weekend,0,0
20250705,2025-07-05,2025,3,7,July,5,Saturday,27,1,0,,05/07/2025,Shawwal,10,1446,0,0,0,Weekend,0,0
20250706,2025-07-06,2025,3,7,July,6,Sunday,27,0,0,,06/07/2025,Shawwal,10,1446,0,0,0,Business,0,0
20250707,2025-07-07,2025,3,7,July,7,Monday,28,0,0,,07/07/2025,Shawwal,10,1446,0,0,0,Business,0,0
20250708,2025-07-08,2025,3,7,July,8,Tuesday,28,0,0,,08/07/2025,Shawwal,10,1446,0,0,0,Business,0,0
20250709,2025-07-09,2025,3,7,July,9,Wednesday,28,0,0,,09/07/2025,Shawwal,10,1446,0,0,0,Business,0,0
20250710,2025-07-10,2025,3,7,July,10,Thursday,28,0,0,,10/07/2025,Shawwal,10,1446,0,0,0,Business,0,0
20250711,2025-07-11,2025,3,7,July,11,Friday,28,1,0,,11/07/2025,Shawwal,10,1446,0,0,0,Weekend,0,0
20250712,2025-07-12,2025,3,7,July,12,Saturday,28,1,0,,12/07/2025,Shawwal,10,1446,0,0,0,Weekend,0,0
20250713,2025-07-13,2025,3,7,July,13,Sunday,28,0,0,,13/07/2025,Shawwal,10,1446,0,0,0,Business,0,0
20250714,2025-07-14,2025,3,7,July,14,Monday,29,0,0,,14/07/2025,Shawwal,10,1446,0,0,0,Business,0,0
20250715,2025-07-15,2025,3,7,July,15,Tuesday,29,0,0,,15/07/2025,Shawwal,10,1446,0,0,0,Business,0,0
20250716,2025-07-16,2025,3,7,July,16,Wednesday,29,0,0,,16/07/2025,Shawwal,10,1446,0,0,0,Business,0,0
20250717,2025-07-17,2025,3,7,July,17,Thursday,29,0,0,,17/07/2025,Shawwal,10,1446,0,0,0,Business,0,0
20250718,2025-07-18,2025,3,7,July,18,Friday,29,1,0,,18/07/2025,Shawwal,10,1446,0,0,0,Weekend,0,0
20250719,2025-07-19,2025,3,7,July,19,Saturday,29,1,0,,19/07/2025,Shawwal,10,1446,0,0,0,Weekend,0,0
20250720,2025-07-20,2025,3,7,July,20,Sunday,29,0,0,,20/07/2025,Shawwal,10,1446,0,0,0,Business,0,0
20250721,2025-07-21,2025,3,7,July,21,Monday,30,0,0,,21/07/2025,Shawwal,10,1446,0,0,0,Business,0,0
20250722,2025-07-22,2025,3,7,July,22,Tuesday,30,0,0,,22/07/2025,Shawwal,10,1446,0,0,0,Business,0,0
20250723,2025-07-23,2025,3,7,July,23,Wednesday,30,0,0,,23/07/2025,Shawwal,10,1446,0,0,0,Business,0,0
20250724,2025-07-24,2025,3,7,July,24,Thursday,30,0,0,,24/07/2025,Shawwal,10,1446,0,0,0,Business,0,0
20250725,2025-07-25,2025,3,7,July,25,Friday,30,1,0,,25/07/2025,Shawwal,10,1446,0,0,0,Weekend,0,0
20250726,2025-07-26,2025,3,7,July,26,Saturday,30,1,0,,26/07/2025,Shawwal,10,1446,0,0,0,Weekend,0,0
20250727,2025-07-27,2025,3,7,July,27,Sunday,30,0,0,,27/07/2025,Shawwal,10,1446,0,0,0,Business,0,0
20250728,2025-07-28,2025,3,7,July,28,Monday,31,0,0,,28/07/2025,Shawwal,10,1446,0,0,0,Business,0,0
20250729,2025-07-29,2025,3,7,July,29,Tuesday,31,0,0,,29/07/2025,Shawwal,10,1446,0,0,0,Business,0,0
20250730,2025-07-30,2025,3,7,July,30,Wednesday,31,0,0,,30/07/2025,Shawwal,10,1446,0,0,0,Business,0,0
20250731,2025-07-31,2025,3,7,July,31,Thursday,31,0,0,,31/07/2025,Shawwal,10,1446,0,0,0,Business,0,0
20250801,2025-08-01,2025,3,8,August,1,Friday,31,1,0,,01/08/2025,Shawwal,10,1446,0,0,0,Weekend,0,0
20250802,2025-08-02,2025,3,8,August,2,Saturday,31,1,0,,02/08/2025,Shawwal,10,1446,0,0,0,Weekend,0,0
20250803,2025-08-03,2025,3,8,August,3,Sunday,31,0,0,,03/08/2025,Shawwal,10,1446,0,0,0,Business,0,0
20250804,2025-08-04,2025,3,8,August,4,Monday,32,0,0,,04/08/2025,Shawwal,10,1446,0,0,0,Business,0,0
20250805,2025-08-05,2025,3,8,August,5,Tuesday,32,0,0,,05/08/2025,Shawwal,10,1446,0,0,0,Business,0,0
20250806,2025-08-06,2025,3,8,August,6,Wednesday,32,0,0,,06/08/2025,Shawwal,10,1446,0,0,0,Business,0,0
20250807,2025-08-07,2025,3,8,August,7,Thursday,32,0,0,,07/08/2025,Shawwal,10,1446,0,0,0,Business,0,0
20250808,2025-08-08,2025,3,8,August,8,Friday,32,1,0,,08/08/2025,Shawwal,10,1446,0,0,0,Weekend,0,0
20250809,2025-08-09,2025,3,8,August,9,Saturday,32,1,0,,09/08/2025,Shawwal,10,1446,0,0,0,Weekend,0,0
20250810,2025-08-10,2025,3,8,August,10,Sunday,32,0,0,,10/08/2025,Shawwal,10,1446,0,0,0,Business,0,0
20250811,2025-08-11,2025,3,8,August,11,Monday,33,0,0,,11/08/2025,Shawwal,10,1446,0,0,0,Business,0,0
20250812,2025-08-12,2025,3,8,August,12,Tuesday,33,0,0,,12/08/2025,Shawwal,10,1446,0,0,0,Business,0,0
20250813,2025-08-13,2025,3,8,August,13,Wednesday,33,0,0,,13/08/2025,Shawwal,10,1446,0,0,0,Business,0,0
20250814,2025-08-14,2025,3,8,August,14,Thursday,33,0,0,,14/08/2025,Shawwal,10,1446,0,0,0,Business,0,0
20250815,2025-08-15,2025,3,8,August,15,Friday,33,1,0,,15/08/2025,Shawwal,10,1446,0,0,0,Weekend,0,0
20250816,2025-08-16,2025,3,8,August,16,Saturday,33,1,0,,16/08/2025,Shawwal,10,1446,0,0,0,Weekend,0,0
20250817,2025-08-17,2025,3,8,August,17,Sunday,33,0,0,,17/08/2025,Shawwal,10,1446,0,0,0,Business,0,0
20250818,2025-08-18,2025,3,8,August,18,Monday,34,0,0,,18/08/2025,Shawwal,10,1446,0,0,0,Business,0,0
20250819,2025-08-19,2025,3,8,August,19,Tuesday,34,0,0,,19/08/2025,Shawwal,10,1446,0,0,0,Business,0,0
20250820,2025-08-20,2025,3,8,August,20,Wednesday,34,0,0,,20/08/2025,Shawwal,10,1446,0,0,0,Business,0,0
20250821,2025-08-21,2025,3,8,August,21,Thursday,34,0,0,,21/08/2025,Shawwal,10,1446,0,0,0,Business,0,0
20250822,2025-08-22,2025,3,8,August,22,Friday,34,1,0,,22/08/2025,Shawwal,10,1446,0,0,0,Weekend,0,0
20250823,2025-08-23,2025,3,8,August,23,Saturday,34,1,0,,23/08/2025,Shawwal,10,1446,0,0,0,Weekend,0,0
20250824,2025-08-24,2025,3,8,August,24,Sunday,34,0,0,,24/08/2025,Shawwal,10,1446,0,0,0,Business,0,0
20250825,2025-08-25,2025,3,8,August,25,Monday,35,0,0,,25/08/2025,Shawwal,10,1446,0,0,0,Business,0,0
20250826,2025-08-26,2025,3,8,August,26,Tuesday,35,0,0,,26/08/2025,Shawwal,10,1446,0,0,0,Business,0,0
20250827,2025-08-27,2025,3,8,August,27,Wednesday,35,0,0,,27/08/2025,Shawwal,10,1446,0,0,0,Business,0,0
20250828,2025-08-28,2025,3,8,August,28,Thursday,35,0,0,,28/08/2025,Shawwal,10,1446,0,0,0,Business,0,0
20250829,2025-08-29,2025,3,8,August,29,Friday,35,1,0,,29/08/2025,Shawwal,10,1446,0,0,0,Weekend,0,0
20250830,2025-08-30,2025,3,8,August,30,Saturday,35,1,0,,30/08/2025,Shawwal,10,1446,0,0,0,Weekend,0,0
20250831,2025-08-31,2025,3,8,August,31,Sunday,35,0,0,,31/08/2025,Shawwal,10,1446,0,0,0,Business,0,0
20250901,2025-09-01,2025,3,9,September,1,Monday,36,0,0,,01/09/2025,Shawwal,10,1446,0,0,0,Business,0,0
20250902,2025-09-02,2025,3,9,September,2,Tuesday,36,0,0,,02/09/2025,Shawwal,10,1446,0,0,0,Business,0,0
20250903,2025-09-03,2025,3,9,September,3,Wednesday,36,0,0,,03/09/2025,Shawwal,10,1446,0,0,0,Business,0,0
20250904,2025-09-04,2025,3,9,September,4,Thursday,36,0,0,,04/09/2025,Shawwal,10,1446,0,0,0,Business,0,0
20250905,2025-09-05,2025,3,9,September,5,Friday,36,1,0,,05/09/2025,Shawwal,10,1446,0,0,0,Weekend,0,0
20250906,2025-09-06,2025,3,9,September,6,Saturday,36,1,0,,06/09/2025,Shawwal,10,1446,0,0,0,Weekend,0,0
20250907,2025-09-07,2025,3,9,September,7,Sunday,36,0,0,,07/09/2025,Shawwal,10,1446,0,0,0,Business,0,0
20250908,2025-09-08,2025,3,9,September,8,Monday,37,0,0,,08/09/2025,Shawwal,10,1446,0,0,0,Business,0,0
20250909,2025-09-09,2025,3,9,September,9,Tuesday,37,0,0,,09/09/2025,Shawwal,10,1446,0,0,0,Business,0,0
20250910,2025-09-10,2025,3,9,September,10,Wednesday,37,0,0,,10/09/2025,Shawwal,10,1446,0,0,0,Business,0,0
20250911,2025-09-11,2025,3,9,September,11,Thursday,37,0,0,,11/09/2025,Shawwal,10,1446,0,0,0,Business,0,0
20250912,2025-09-12,2025,3,9,September,12,Friday,37,1,0,,12/09/2025,Shawwal,10,1446,0,0,0,Weekend,0,0
20250913,2025-09-13,2025,3,9,September,13,Saturday,37,1,0,,13/09/2025,Shawwal,10,1446,0,0,0,Weekend,0,0
20250914,2025-09-14,2025,3,9,September,14,Sunday,37,0,0,,14/09/2025,Shawwal,10,1446,0,0,0,Business,0,0
20250915,2025-09-15,2025,3,9,September,15,Monday,38,0,0,,15/09/2025,Shawwal,10,1446,0,0,0,Business,0,0
20250916,2025-09-16,2025,3,9,September,16,Tuesday,38,0,0,,16/09/2025,Shawwal,10,1446,0,0,0,Business,0,0
20250917,2025-09-17,2025,3,9,September,17,Wednesday,38,0,0,,17/09/2025,Shawwal,10,1446,0,0,0,Business,0,0
20250918,2025-09-18,2025,3,9,September,18,Thursday,38,0,0,,18/09/2025,Shawwal,10,1446,0,0,0,Business,0,0
20250919,2025-09-19,2025,3,9,September,19,Friday,38,1,0,,19/09/2025,Shawwal,10,1446,0,0,0,Weekend,0,0
20250920,2025-09-20,2025,3,9,September,20,Saturday,38,1,0,,20/09/2025,Shawwal,10,1446,0,0,0,Weekend,0,0
20250921,2025-09-21,2025,3,9,September,21,Sunday,38,0,0,,21/09/2025,Shawwal,10,1446,0,0,0,Business,0,0
20250922,2025-09-22,2025,3,9,September,22,Monday,39,0,0,,22/09/2025,Shawwal,10,1446,0,0,0,Business,0,0
20250923,2025-09-23,2025,3,9,September,23,Tuesday,39,0,1,National Day,23/09/2025,Shawwal,10,1446,0,0,0,Business,0,1
20250924,2025-09-24,2025,3,9,September,24,Wednesday,39,0,0,,24/09/2025,Shawwal,10,1446,0,0,0,Business,0,0
20250925,2025-09-25,2025,3,9,September,25,Thursday,39,0,0,,25/09/2025,Shawwal,10,1446,0,0,0,Business,0,0
20250926,2025-09-26,2025,3,9,September,26,Friday,39,1,0,,26/09/2025,Shawwal,10,1446,0,0,0,Weekend,0,0
20250927,2025-09-27,2025,3,9,September,27,Saturday,39,1,0,,27/09/2025,Shawwal,10,1446,0,0,0,Weekend,0,0
20250928,2025-09-28,2025,3,9,September,28,Sunday,39,0,0,,28/09/2025,Shawwal,10,1446,0,0,0,Business,0,0
20250929,2025-09-29,2025,3,9,September,29,Monday,40,0,0,,29/09/2025,Shawwal,10,1446,0,0,0,Business,0,0
20250930,2025-09-30,2025,3,9,September,30,Tuesday,40,0,0,,30/09/2025,Shawwal,10,1446,0,0,0,Business,0,0
20251001,2025-10-01,2025,4,10,October,1,Wednesday,40,0,0,,01/10/2025,Shawwal,10,1446,0,0,0,Business,0,0
20251002,2025-10-02,2025,4,10,October,2,Thursday,40,0,0,,02/10/2025,Shawwal,10,1446,0,0,0,Business,0,0
20251003,2025-10-03,2025,4,10,October,3,Friday,40,1,0,,03/10/2025,Shawwal,10,1446,0,0,0,Weekend,0,0
20251004,2025-10-04,2025,4,10,October,4,Saturday,40,1,0,,04/10/2025,Shawwal,10,1446,0,0,0,Weekend,0,0
20251005,2025-10-05,2025,4,10,October,5,Sunday,40,0,0,,05/10/2025,Shawwal,10,1446,0,0,0,Business,0,0
20251006,2025-10-06,2025,4,10,October,6,Monday,41,0,0,,06/10/2025,Shawwal,10,1446,0,0,0,Business,0,0
20251007,2025-10-07,2025,4,10,October,7,Tuesday,41,0,0,,07/10/2025,Shawwal,10,1446,0,0,0,Business,0,0
20251008,2025-10-08,2025,4,10,October,8,Wednesday,41,0,0,,08/10/2025,Shawwal,10,1446,0,0,0,Business,0,0
20251009,2025-10-09,2025,4,10,October,9,Thursday,41,0,0,,09/10/2025,Shawwal,10,1446,0,0,0,Business,0,0
20251010,2025-10-10,2025,4,10,October,10,Friday,41,1,0,,10/10/2025,Shawwal,10,1446,0,0,0,Weekend,0,0
20251011,2025-10-11,2025,4,10,October,11,Saturday,41,1,0,,11/10/2025,Shawwal,10,1446,0,0,0,Weekend,0,0
20251012,2025-10-12,2025,4,10,October,12,Sunday,41,0,0,,12/10/2025,Shawwal,10,1446,0,0,0,Business,0,0
20251013,2025-10-13,2025,4,10,October,13,Monday,42,0,0,,13/10/2025,Shawwal,10,1446,0,0,0,Business,0,0
20251014,2025-10-14,2025,4,10,October,14,Tuesday,42,0,0,,14/10/2025,Shawwal,10,1446,0,0,0,Business,0,0
20251015,2025-10-15,2025,4,10,October,15,Wednesday,42,0,0,,15/10/2025,Shawwal,10,1446,0,0,0,Business,0,0
20251016,2025-10-16,2025,4,10,October,16,Thursday,42,0,0,,16/10/2025,Shawwal,10,1446,0,0,0,Business,0,0
20251017,2025-10-17,2025,4,10,October,17,Friday,42,1,0,,17/10/2025,Shawwal,10,1446,0,0,0,Weekend,0,0
20251018,2025-10-18,2025,4,10,October,18,Saturday,42,1,0,,18/10/2025,Shawwal,10,1446,0,0,0,Weekend,0,0
20251019,2025-10-19,2025,4,10,October,19,Sunday,42,0,0,,19/10/2025,Shawwal,10,1446,0,0,0,Business,0,0
20251020,2025-10-20,2025,4,10,October,20,Monday,43,0,0,,20/10/2025,Shawwal,10,1446,0,0,0,Business,0,0
20251021,2025-10-21,2025,4,10,October,21,Tuesday,43,0,0,,21/10/2025,Shawwal,10,1446,0,0,0,Business,0,0
20251022,2025-10-22,2025,4,10,October,22,Wednesday,43,0,0,,22/10/2025,Shawwal,10,1446,0,0,0,Business,0,0
20251023,2025-10-23,2025,4,10,October,23,Thursday,43,0,0,,23/10/2025,Shawwal,10,1446,0,0,0,Business,0,0
20251024,2025-10-24,2025,4,10,October,24,Friday,43,1,0,,24/10/2025,Shawwal,10,1446,0,0,0,Weekend,0,0
20251025,2025-10-25,2025,4,10,October,25,Saturday,43,1,0,,25/10/2025,Shawwal,10,1446,0,0,0,Weekend,0,0
20251026,2025-10-26,2025,4,10,October,26,Sunday,43,0,0,,26/10/2025,Shawwal,10,1446,0,0,0,Business,0,0
20251027,2025-10-27,2025,4,10,October,27,Monday,44,0,0,,27/10/2025,Shawwal,10,1446,0,0,0,Business,0,0
20251028,2025-10-28,2025,4,10,October,28,Tuesday,44,0,0,,28/10/2025,Shawwal,10,1446,0,0,0,Business,0,0
20251029,2025-10-29,2025,4,10,October,29,Wednesday,44,0,0,,29/10/2025,Shawwal,10,1446,0,0,0,Business,0,0
20251030,2025-10-30,2025,4,10,October,30,Thursday,44,0,0,,30/10/2025,Shawwal,10,1446,0,0,0,Business,0,0
20251031,2025-10-31,2025,4,10,October,31,Friday,44,1,0,,31/10/2025,Shawwal,10,1446,0,0,0,Weekend,0,0
20251101,2025-11-01,2025,4,11,November,1,Saturday,44,1,0,,01/11/2025,Shawwal,10,1446,0,0,0,Weekend,0,0
20251102,2025-11-02,2025,4,11,November,2,Sunday,44,0,0,,02/11/2025,Shawwal,10,1446,0,0,0,Business,0,0
20251103,2025-11-03,2025,4,11,November,3,Monday,45,0,0,,03/11/2025,Shawwal,10,1446,0,0,0,Business,0,0
20251104,2025-11-04,2025,4,11,November,4,Tuesday,45,0,0,,04/11/2025,Shawwal,10,1446,0,0,0,Business,0,0
20251105,2025-11-05,2025,4,11,November,5,Wednesday,45,0,0,,05/11/2025,Shawwal,10,1446,0,0,0,Business,0,0
20251106,2025-11-06,2025,4,11,November,6,Thursday,45,0,0,,06/11/2025,Shawwal,10,1446,0,0,0,Business,0,0
20251107,2025-11-07,2025,4,11,November,7,Friday,45,1,0,,07/11/2025,Shawwal,10,1446,0,0,0,Weekend,0,0
20251108,2025-11-08,2025,4,11,November,8,Saturday,45,1,0,,08/11/2025,Shawwal,10,1446,0,0,0,Weekend,0,0
20251109,2025-11-09,2025,4,11,November,9,Sunday,45,0,0,,09/11/2025,Shawwal,10,1446,0,0,0,Business,0,0
20251110,2025-11-10,2025,4,11,November,10,Monday,46,0,0,,10/11/2025,Shawwal,10,1446,0,0,0,Business,0,0
20251111,2025-11-11,2025,4,11,November,11,Tuesday,46,0,0,,11/11/2025,Shawwal,10,1446,0,0,0,Business,0,0
20251112,2025-11-12,2025,4,11,November,12,Wednesday,46,0,0,,12/11/2025,Shawwal,10,1446,0,0,0,Business,0,0
20251113,2025-11-13,2025,4,11,November,13,Thursday,46,0,0,,13/11/2025,Shawwal,10,1446,0,0,0,Business,0,0
20251114,2025-11-14,2025,4,11,November,14,Friday,46,1,0,,14/11/2025,Shawwal,10,1446,0,0,0,Weekend,0,0
20251115,2025-11-15,2025,4,11,November,15,Saturday,46,1,0,,15/11/2025,Shawwal,10,1446,0,0,0,Weekend,0,0
20251116,2025-11-16,2025,4,11,November,16,Sunday,46,0,0,,16/11/2025,Shawwal,10,1446,0,0,0,Business,0,0
20251117,2025-11-17,2025,4,11,November,17,Monday,47,0,0,,17/11/2025,Shawwal,10,1446,0,0,0,Business,0,0
20251118,2025-11-18,2025,4,11,November,18,Tuesday,47,0,0,,18/11/2025,Shawwal,10,1446,0,0,0,Business,0,0
20251119,2025-11-19,2025,4,11,November,19,Wednesday,47,0,0,,19/11/2025,Shawwal,10,1446,0,0,0,Business,0,0
20251120,2025-11-20,2025,4,11,November,20,Thursday,47,0,0,,20/11/2025,Shawwal,10,1446,0,0,0,Business,0,0
20251121,2025-11-21,2025,4,11,November,21,Friday,47,1,0,,21/11/2025,Shawwal,10,1446,0,0,0,Weekend,0,0
20251122,2025-11-22,2025,4,11,November,22,Saturday,47,1,0,,22/11/2025,Shawwal,10,1446,0,0,0,Weekend,0,0
20251123,2025-11-23,2025,4,11,November,23,Sunday,47,0,0,,23/11/2025,Shawwal,10,1446,0,0,0,Business,0,0
20251124,2025-11-24,2025,4,11,November,24,Monday,48,0,0,,24/11/2025,Shawwal,10,1446,0,0,0,Business,0,0
20251125,2025-11-25,2025,4,11,November,25,Tuesday,48,0,0,,25/11/2025,Shawwal,10,1446,0,0,0,Business,0,0
20251126,2025-11-26,2025,4,11,November,26,Wednesday,48,0,0,,26/11/2025,Shawwal,10,1446,0,0,0,Business,0,0
20251127,2025-11-27,2025,4,11,November,27,Thursday,48,0,0,,27/11/2025,Shawwal,10,1446,0,0,0,Business,0,0
20251128,2025-11-28,2025,4,11,November,28,Friday,48,1,0,,28/11/2025,Shawwal,10,1446,0,0,0,Weekend,0,0
20251129,2025-11-29,2025,4,11,November,29,Saturday,48,1,0,,29/11/2025,Shawwal,10,1446,0,0,0,Weekend,0,0
20251130,2025-11-30,2025,4,11,November,30,Sunday,48,0,0,,30/11/2025,Shawwal,10,1446,0,0,0,Business,0,0
20251201,2025-12-01,2025,4,12,December,1,Monday,49,0,0,,01/12/2025,Shawwal,10,1446,0,0,0,Business,0,0
20251202,2025-12-02,2025,4,12,December,2,Tuesday,49,0,0,,02/12/2025,Shawwal,10,1446,0,0,0,Business,0,0
20251203,2025-12-03,2025,4,12,December,3,Wednesday,49,0,0,,03/12/2025,Shawwal,10,1446,0,0,0,Business,0,0
20251204,2025-12-04,2025,4,12,December,4,Thursday,49,0,0,,04/12/2025,Shawwal,10,1446,0,0,0,Business,0,0
20251205,2025-12-05,2025,4,12,December,5,Friday,49,1,0,,05/12/2025,Shawwal,10,1446,0,0,0,Weekend,0,0
20251206,2025-12-06,2025,4,12,December,6,Saturday,49,1,0,,06/12/2025,Shawwal,10,1446,0,0,0,Weekend,0,0
20251207,2025-12-07,2025,4,12,December,7,Sunday,49,0,0,,07/12/2025,Shawwal,10,1446,0,0,0,Business,0,0
20251208,2025-12-08,2025,4,12,December,8,Monday,50,0,0,,08/12/2025,Shawwal,10,1446,0,0,0,Business,0,0
20251209,2025-12-09,2025,4,12,December,9,Tuesday,50,0,0,,09/12/2025,Shawwal,10,1446,0,0,0,Business,0,0
20251210,2025-12-10,2025,4,12,December,10,Wednesday,50,0,0,,10/12/2025,Shawwal,10,1446,0,0,0,Business,0,0
20251211,2025-12-11,2025,4,12,December,11,Thursday,50,0,0,,11/12/2025,Shawwal,10,1446,0,0,0,Business,0,0
20251212,2025-12-12,2025,4,12,December,12,Friday,50,1,0,,12/12/2025,Shawwal,10,1446,0,0,0,Weekend,0,0
20251213,2025-12-13,2025,4,12,December,13,Saturday,50,1,0,,13/12/2025,Shawwal,10,1446,0,0,0,Weekend,0,0
20251214,2025-12-14,2025,4,12,December,14,Sunday,50,0,0,,14/12/2025,Shawwal,10,1446,0,0,0,Business,0,0
20251215,2025-12-15,2025,4,12,December,15,Monday,51,0,0,,15/12/2025,Shawwal,10,1446,0,0,0,Business,0,0
20251216,2025-12-16,2025,4,12,December,16,Tuesday,51,0,0,,16/12/2025,Shawwal,10,1446,0,0,0,Business,0,0
20251217,2025-12-17,2025,4,12,December,17,Wednesday,51,0,0,,17/12/2025,Shawwal,10,1446,0,0,0,Business,0,0
20251218,2025-12-18,2025,4,12,December,18,Thursday,51,0,0,,18/12/2025,Shawwal,10,1446,0,0,0,Business,0,0
20251219,2025-12-19,2025,4,12,December,19,Friday,51,1,0,,19/12/2025,Shawwal,10,1446,0,0,0,Weekend,0,0
20251220,2025-12-20,2025,4,12,December,20,Saturday,51,1,0,,20/12/2025,Shawwal,10,1446,0,0,0,Weekend,0,0
20251221,2025-12-21,2025,4,12,December,21,Sunday,51,0,0,,21/12/2025,Shawwal,10,1446,0,0,0,Business,0,0
20251222,2025-12-22,2025,4,12,December,22,Monday,52,0,0,,22/12/2025,Shawwal,10,1446,0,0,0,Business,0,0
20251223,2025-12-23,2025,4,12,December,23,Tuesday,52,0,0,,23/12/2025,Shawwal,10,1446,0,0,0,Business,0,0
20251224,2025-12-24,2025,4,12,December,24,Wednesday,52,0,0,,24/12/2025,Shawwal,10,1446,0,0,0,Business,0,0
20251225,2025-12-25,2025,4,12,December,25,Thursday,52,0,0,,25/12/2025,Shawwal,10,1446,0,0,0,Business,0,0
20251226,2025-12-26,2025,4,12,December,26,Friday,52,1,0,,26/12/2025,Shawwal,10,1446,0,0,0,Weekend,0,0
20251227,2025-12-27,2025,4,12,December,27,Saturday,52,1,0,,27/12/2025,Shawwal,10,1446,0,0,0,Weekend,0,0
20251228,2025-12-28,2025,4,12,December,28,Sunday,52,0,0,,28/12/2025,Shawwal,10,1446,0,0,0,Business,0,0
20251229,2025-12-29,2025,4,12,December,29,Monday,1,0,0,,29/12/2025,Shawwal,10,1446,0,0,0,Business,0,0
20251230,2025-12-30,2025,4,12,December,30,Tuesday,1,0,0,,30/12/2025,Shawwal,10,1446,0,0,0,Business,0,0
20251231,2025-12-31,2025,4,12,December,31,Wednesday,1,0,0,,31/12/2025,Shawwal,10,1446,0,0,0,Business,0,0
